﻿<?xml version="1.0" encoding="utf-8"?>
<TextureAtlas imagePath="spritelist.png">
	<SubTexture name="Level_tablichka instance 10000" x="1" y="141" width="223" height="56"/>
	<SubTexture name="hero1_body instance 10000" x="1" y="278" width="91" height="89"/>
	<SubTexture name="hero1_brov1 instance 10000" x="330" y="636" width="32" height="17"/>
	<SubTexture name="hero1_brov2 instance 10000" x="139" y="639" width="31" height="17"/>
	<SubTexture name="hero1_dead instance 10000" x="315" y="88" width="129" height="120"/>
	<SubTexture name="hero1_glaz1 instance 10000" x="308" y="157" width="7" height="7"/>
	<SubTexture name="hero1_glaz2 instance 10000" x="308" y="141" width="7" height="8"/>
	<SubTexture name="hero1_kopitce1 instance 10000" x="1" y="629" width="31" height="20"/>
	<SubTexture name="hero1_kopitce2 instance 10000" x="470" y="280" width="31" height="21"/>
	<SubTexture name="hero1_maska instance 10000" x="277" y="534" width="89" height="29"/>
	<SubTexture name="hero1_noz instance 10000" x="160" y="612" width="31" height="27"/>
	<SubTexture name="hero1_rog1 instance 10000" x="125" y="559" width="45" height="52"/>
	<SubTexture name="hero1_rog2 instance 10000" x="80" y="559" width="45" height="52"/>
	<SubTexture name="hero1_rot instance 10000" x="109" y="611" width="51" height="17"/>
	<SubTexture name="hero1_shapka instance 10000" x="73" y="513" width="102" height="46"/>
	<SubTexture name="hero1_uho1 instance 10000" x="485" y="565" width="26" height="27"/>
	<SubTexture name="hero1_uho2 instance 10000" x="339" y="609" width="27" height="27"/>
	<SubTexture name="hero2_bant instance 10000" x="341" y="383" width="88" height="61"/>
	<SubTexture name="hero2_body instance 10000" x="80" y="383" width="87" height="69"/>
	<SubTexture name="hero2_glaza instance 10000" x="170" y="585" width="66" height="27"/>
	<SubTexture name="hero2_kopitceL instance 10000" x="191" y="638" width="27" height="20"/>
	<SubTexture name="hero2_kopitceR instance 10000" x="418" y="632" width="27" height="20"/>
	<SubTexture name="hero2_nos instance 10000" x="1" y="601" width="39" height="28"/>
	<SubTexture name="hero2_roga instance 10000" x="224" y="141" width="84" height="50"/>
	<SubTexture name="hero2_uhoL instance 10000" x="191" y="612" width="27" height="26"/>
	<SubTexture name="hero2_uhoR instance 10000" x="446" y="614" width="27" height="26"/>
	<SubTexture name="hero2_zrachokL instance 10000" x="502" y="139" width="9" height="9"/>
	<SubTexture name="hero2_zrachokR instance 10000" x="499" y="79" width="9" height="9"/>
	<SubTexture name="hero3_body instance 10000" x="167" y="278" width="91" height="76"/>
	<SubTexture name="hero3_brovaL instance 10000" x="311" y="499" width="29" height="22"/>
	<SubTexture name="hero3_brovaR instance 10000" x="109" y="628" width="30" height="21"/>
	<SubTexture name="hero3_chub instance 10000" x="446" y="565" width="39" height="49"/>
	<SubTexture name="hero3_glazL instance 10000" x="244" y="617" width="28" height="24"/>
	<SubTexture name="hero3_glazR instance 10000" x="303" y="625" width="27" height="24"/>
	<SubTexture name="hero3_kopitceR instance 10000" x="244" y="641" width="28" height="17"/>
	<SubTexture name="hero3_kopitcel instance 10000" x="478" y="640" width="28" height="17"/>
	<SubTexture name="hero3_nos instance 10000" x="1" y="573" width="45" height="28"/>
	<SubTexture name="hero3_rogL instance 10000" x="320" y="563" width="42" height="46"/>
	<SubTexture name="hero3_rogR instance 10000" x="277" y="563" width="43" height="46"/>
	<SubTexture name="hero3_shapka instance 10000" x="468" y="1" width="41" height="63"/>
	<SubTexture name="hero3_uhoL instance 10000" x="473" y="614" width="27" height="26"/>
	<SubTexture name="hero3_uhoR instance 10000" x="218" y="617" width="26" height="27"/>
	<SubTexture name="hero3_zrachokL instance 10000" x="501" y="157" width="8" height="7"/>
	<SubTexture name="hero3_zrachokR instance 10000" x="501" y="164" width="8" height="7"/>
	<SubTexture name="hero4_nogL instance 10000" x="468" y="64" width="31" height="22"/>
	<SubTexture name="hero4_nogaR instance 10000" x="272" y="625" width="31" height="21"/>
	<SubTexture name="hero5_body instance 10000" x="92" y="278" width="75" height="105"/>
	<SubTexture name="hero5_glaz instance 10000" x="366" y="617" width="26" height="25"/>
	<SubTexture name="hero5_glaz_R instance 10000" x="392" y="617" width="26" height="25"/>
	<SubTexture name="hero5_krilo_L instance 10000" x="1" y="197" width="137" height="81"/>
	<SubTexture name="hero5_krilo_R instance 10000" x="138" y="197" width="136" height="81"/>
	<SubTexture name="hero5_nos instance 10000" x="311" y="448" width="30" height="51"/>
	<SubTexture name="hero5_zrachok instance 10000" x="308" y="149" width="7" height="8"/>
	<SubTexture name="jadro instance 10000" x="444" y="139" width="57" height="58"/>
	<SubTexture name="meha_dim instance 10000" x="397" y="534" width="24" height="24"/>
	<SubTexture name="mehanizm_knopka1 instance 10000" x="175" y="534" width="51" height="51"/>
	<SubTexture name="mehanizm_knopka2 instance 10000" x="226" y="534" width="51" height="51"/>
	<SubTexture name="mehanizm_knopka3 instance 10000" x="446" y="514" width="51" height="51"/>
	<SubTexture name="mehanizm_knopka4 instance 10000" x="1" y="522" width="51" height="51"/>
	<SubTexture name="mehanizm_krug1 instance 10000" x="239" y="448" width="72" height="73"/>
	<SubTexture name="mehanizm_krug2 instance 10000" x="341" y="444" width="72" height="73"/>
	<SubTexture name="mehanizm_krug3 instance 10000" x="1" y="449" width="72" height="73"/>
	<SubTexture name="mehanizm_krug4 instance 10000" x="167" y="436" width="72" height="73"/>
	<SubTexture name="mehanizm_osnova1 instance 10000" x="420" y="301" width="81" height="82"/>
	<SubTexture name="mehanizm_osnova2 instance 10000" x="258" y="293" width="81" height="82"/>
	<SubTexture name="mehanizm_osnova3 instance 10000" x="167" y="354" width="81" height="82"/>
	<SubTexture name="mehanizm_osnova4 instance 10000" x="339" y="301" width="81" height="82"/>
	<SubTexture name="movingPlatform instance 10000" x="246" y="1" width="222" height="87"/>
	<SubTexture name="par1 instance 10000" x="499" y="64" width="12" height="15"/>
	<SubTexture name="par2 instance 10000" x="491" y="456" width="17" height="18"/>
	<SubTexture name="par3 instance 10000" x="397" y="558" width="23" height="23"/>
	<SubTexture name="par4 instance 10000" x="445" y="640" width="33" height="15"/>
	<SubTexture name="par5 instance 10000" x="274" y="191" width="38" height="17"/>
	<SubTexture name="par6 instance 10000" x="413" y="456" width="78" height="58"/>
	<SubTexture name="par7 instance 10000" x="272" y="609" width="67" height="16"/>
	<SubTexture name="star_bar instance 10000" x="175" y="521" width="247" height="13"/>
	<SubTexture name="star_bar_star instance 10000" x="236" y="585" width="36" height="32"/>
	<SubTexture name="star_panel instance 10000" x="1" y="88" width="314" height="53"/>
	<SubTexture name="starrr instance 10000" x="502" y="148" width="9" height="9"/>
	<SubTexture name="taper instance 10000" x="429" y="383" width="73" height="73"/>
	<SubTexture name="tile_d_scale instance 10000" x="4" y="367" width="74" height="82"/>
	<SubTexture name="tile_d_scale_l instance 10000" x="470" y="198" width="29" height="83"/>
	<SubTexture name="tile_d_scale_r instance 10000" x="369" y="534" width="29" height="83"/>
	<SubTexture name="tile_dirka1 instance 10000" x="422" y="514" width="24" height="118"/>
	<SubTexture name="tile_dirka2 instance 10000" x="444" y="88" width="65" height="51"/>
	<SubTexture name="tile_gvozd instance 10000" x="80" y="611" width="29" height="31"/>
	<SubTexture name="tile_werevka1 instance 10000" x="52" y="559" width="28" height="92"/>
	<SubTexture name="tile_werevka2 instance 10000" x="377" y="208" width="93" height="93"/>
	<SubTexture name="tile_werevka3 instance 10000" x="248" y="383" width="93" height="65"/>
	<SubTexture name="woodfix instance 10000" x="1" y="1" width="245" height="85"/>
	<SubTexture name="woodfix_medium instance 10000" x="274" y="208" width="103" height="85"/>
	<SubTexture name="zabor_r instance 10000" x="73" y="452" width="86" height="61"/>
</TextureAtlas>
