[{"v":[{"k":"time","v":20}],"l":[{"n":"Layer 1","i":[{"t":"ground","x":732.95,"y":593.95,"r":0,"w":3.0712890625,"h":1},{"t":"finish","x":732.95,"y":498.95,"r":0,"w":1,"h":1},{"t":"hero","x":560.95,"y":223,"r":0,"w":1,"h":1},{"t":"ground","x":520.95,"y":312,"r":0,"w":2.303253173828125,"h":1},{"t":"ground","x":469.95,"y":206,"r":89.99896045105764,"w":1.6820068359375,"h":1},{"t":"hoist","x":469.95,"y":235,"r":-89.99912573578631,"w":1,"h":1}]},{"n":"Layer 44","i":[{"t":"tile_werevka3","x":768.95,"y":655,"r":0,"w":1,"h":1},{"t":"tile_d_scale_l","x":621.95,"y":594.95,"r":0,"w":1,"h":1},{"t":"tile_d_scale_r","x":846,"y":594.95,"r":0,"w":1,"h":1},{"t":"tile_d_scale","x":673.95,"y":594.95,"r":0,"w":1,"h":1},{"t":"tile_d_scale","x":771.95,"y":594.95,"r":0,"w":1.595977783203125,"h":1},{"t":"tile_werevka1","x":815,"y":597,"r":0,"w":1,"h":1},{"t":"tile_dirka2","x":657.95,"y":588.95,"r":0,"w":1,"h":1},{"t":"tile_werevka3","x":441.95,"y":354,"r":0,"w":1,"h":1},{"t":"tile_d_scale","x":469.95,"y":233,"r":89.99904422607457,"w":1.829437255859375,"h":1},{"t":"tile_d_scale_l","x":469.95,"y":150,"r":89.99475441473209,"w":1,"h":1},{"t":"tile_d_scale_l","x":389.95,"y":312,"r":0,"w":1,"h":1},{"t":"tile_d_scale_r","x":606,"y":312,"r":0,"w":1,"h":1},{"t":"tile_d_scale","x":441.95,"y":312,"r":0,"w":1,"h":1},{"t":"tile_d_scale","x":535.95,"y":312,"r":0,"w":1.49139404296875,"h":1},{"t":"tile_werevka1","x":404,"y":312.5,"r":0,"w":1,"h":1}]}]},{"v":[{"k":"time","v":30}],"l":[{"n":"Layer 1","i":[{"t":"ground","x":884.95,"y":562.95,"r":0,"w":3.0712890625,"h":1},{"t":"finish","x":884.95,"y":467.95,"r":0,"w":1,"h":1},{"t":"ground","x":592.95,"y":336,"r":0,"w":4.32635498046875,"h":1},{"t":"woodenBlock","x":543.95,"y":255,"r":0,"w":1,"h":1},{"t":"ground","x":299.95,"y":299,"r":89.99914446241988,"w":4.087554931640625,"h":1},{"t":"hero","x":712.95,"y":246,"r":0,"w":1,"h":1},{"t":"hoist","x":462.95,"y":258,"r":89.99475441473209,"w":1,"h":1},{"t":"woodenBlock","x":381.95,"y":378.95,"r":-89.99870183570096,"w":0.6734619140625,"h":1},{"t":"hoist","x":381.95,"y":419.95,"r":0,"w":1,"h":1},{"t":"ground","x":340.95,"y":500.95,"r":0,"w":2.04974365234375,"h":1}]},{"n":"Layer 51","i":[{"t":"tile_d_scale_l","x":299.95,"y":148,"r":89.99825147157303,"w":1,"h":1},{"t":"tile_d_scale","x":299.95,"y":200,"r":89.99825147157303,"w":1,"h":1},{"t":"tile_d_scale","x":299.95,"y":276,"r":89.99913148735018,"w":1.006622314453125,"h":1},{"t":"tile_d_scale","x":299.95,"y":351,"r":89.99825147157303,"w":1,"h":1},{"t":"tile_d_scale","x":299.95,"y":426.95,"r":89.99825147157303,"w":1,"h":1},{"t":"tile_d_scale_l","x":242,"y":499.95,"r":0,"w":1,"h":1},{"t":"tile_d_scale_r","x":450,"y":499.95,"r":0,"w":1,"h":1},{"t":"tile_d_scale","x":293.95,"y":499.95,"r":0,"w":1,"h":1},{"t":"tile_d_scale","x":383.95,"y":499.95,"r":0,"w":1.3900604248046875,"h":1},{"t":"tile_dirka2","x":290.95,"y":381.95,"r":0,"w":0.6226348876953125,"h":0.6226348876953125},{"t":"tile_werevka2","x":298.95,"y":499.95,"r":0,"w":1,"h":1},{"t":"tile_werevka3","x":683.95,"y":398,"r":0,"w":1,"h":1},{"t":"tile_werevka3","x":824.95,"y":615.95,"r":0,"w":0.647430419921875,"h":0.647430419921875},{"t":"tile_werevka3","x":865.95,"y":625,"r":0,"w":0.914306640625,"h":0.914306640625},{"t":"tile_d_scale","x":826.95,"y":563.95,"r":0,"w":1,"h":1},{"t":"tile_d_scale_l","x":774.95,"y":563.95,"r":0,"w":1,"h":1},{"t":"tile_d_scale_r","x":996,"y":563.95,"r":0,"w":1,"h":1},{"t":"tile_d_scale","x":922.95,"y":563.95,"r":0,"w":1.5567779541015625,"h":1},{"t":"tile_dirka1","x":931.95,"y":573.95,"r":85.24660069829507,"w":0.9994964599609375,"h":0.9994964599609375},{"t":"tile_d_scale_l","x":430.95,"y":336,"r":0,"w":1,"h":1},{"t":"tile_d_scale_r","x":752,"y":336,"r":0,"w":1,"h":1},{"t":"tile_d_scale","x":482.95,"y":336,"r":0,"w":1,"h":1},{"t":"tile_d_scale","x":684.95,"y":336,"r":0,"w":1.39556884765625,"h":1},{"t":"tile_d_scale","x":576.95,"y":336,"r":0,"w":1.48541259765625,"h":1},{"t":"tile_dirka2","x":554.95,"y":333,"r":-43.62398542093525,"w":0.8716583251953125,"h":0.8716583251953125},{"t":"tile_werevka1","x":828,"y":565,"r":0,"w":1,"h":1},{"t":"tile_werevka1","x":646,"y":339.05,"r":0,"w":1,"h":1},{"t":"tile_werevka1","x":299.9,"y":195.05,"r":89.99825147157303,"w":1,"h":1},{"t":"tile_gvozd","x":451.95,"y":322,"r":0,"w":1,"h":1},{"t":"tile_gvozd","x":388.95,"y":511.95,"r":0,"w":1,"h":1},{"t":"tile_gvozd","x":296.95,"y":159,"r":0,"w":1,"h":1}]}]},{"v":[{"k":"time","v":55}],"l":[{"n":"Layer 1","i":[{"t":"ground","x":546.95,"y":601.95,"r":0,"w":3.0712890625,"h":1},{"t":"finish","x":546.95,"y":506.95,"r":0,"w":1,"h":1},{"t":"ground","x":867.95,"y":299,"r":0,"w":1.29150390625,"h":1},{"t":"hero","x":867.95,"y":209,"r":0,"w":1,"h":1},{"t":"ground","x":958.95,"y":254,"r":-89.99756331608437,"w":2.1527557373046875,"h":1},{"t":"hoist","x":958.95,"y":214,"r":89.99475441473209,"w":1,"h":1},{"t":"MovingPlatform","x":799.95,"y":378.95,"r":0,"w":1.9250335693359375,"h":1,"tP":{"n":"p1","x":406.05,"y":379.05},"s":"150"},{"t":"ground","x":382.95,"y":299,"r":0,"w":2.684326171875,"h":1}]},{"n":"Layer 53","i":[{"t":"tile_werevka3","x":590.95,"y":658,"r":0,"w":1,"h":1},{"t":"tile_d_scale_r","x":658,"y":602.95,"r":0,"w":1,"h":1},{"t":"tile_d_scale_l","x":436.95,"y":602.95,"r":0,"w":1,"h":1},{"t":"tile_d_scale","x":493.95,"y":602.95,"r":0,"w":1.14569091796875,"h":1},{"t":"tile_d_scale","x":588.95,"y":602.95,"r":0,"w":1.4642333984375,"h":1},{"t":"tile_d_scale_l","x":288.95,"y":298,"r":0,"w":1,"h":1},{"t":"tile_d_scale","x":340.95,"y":298,"r":0,"w":1,"h":1},{"t":"tile_d_scale","x":420.95,"y":298,"r":0,"w":1.126495361328125,"h":1},{"t":"tile_d_scale_r","x":478,"y":298,"r":0,"w":1,"h":1},{"t":"tile_d_scale","x":957.95,"y":237,"r":-89.9953434470739,"w":1.126495361328125,"h":1},{"t":"tile_d_scale_r","x":957.95,"y":179.95,"r":-89.99912573578631,"w":1,"h":1},{"t":"tile_d_scale_l","x":827.95,"y":298,"r":0,"w":1,"h":1},{"t":"tile_d_scale","x":879.95,"y":298,"r":0,"w":1,"h":1},{"t":"tile_d_scale","x":960.95,"y":298,"r":0,"w":1.1585540771484375,"h":1},{"t":"tile_d_scale_r","x":1017,"y":298,"r":0,"w":1,"h":1},{"t":"tile_dirka2","x":466.95,"y":613.95,"r":33.83029590301882,"w":0.7642974853515625,"h":0.7642974853515625},{"t":"tile_werevka1","x":628,"y":604,"r":0,"w":1,"h":1},{"t":"tile_werevka2","x":959.95,"y":299,"r":0,"w":1,"h":1},{"t":"tile_dirka1","x":431.95,"y":317,"r":89.99601043217093,"w":1.0956878662109375,"h":0.786895751953125},{"t":"tile_gvozd","x":322.95,"y":292,"r":0,"w":1,"h":1},{"t":"tile_gvozd","x":558.95,"y":627.95,"r":0,"w":1,"h":1},{"t":"tile_gvozd","x":854.95,"y":315,"r":0,"w":1,"h":1}]}]},{"v":[{"k":"time","v":35}],"l":[{"n":"Layer 1","i":[{"t":"ground","x":864.95,"y":579.95,"r":0,"w":3.0712890625,"h":1},{"t":"finish","x":864.95,"y":484.95,"r":0,"w":1,"h":1},{"t":"hero","x":668.95,"y":298,"r":0,"w":1,"h":1},{"t":"MovingPlatform","x":326.95,"y":260,"r":-89.99740946258707,"w":2.02490234375,"h":1,"tP":{"n":"p1","x":326.05,"y":503.05},"s":"150"},{"t":"ground","x":494.95,"y":301,"r":0,"w":3.2540283203125,"h":1},{"t":"woodenBlock","x":485.95,"y":220,"r":0,"w":0.9803466796875,"h":1},{"t":"hoist","x":413.95,"y":221,"r":89.99825147157303,"w":1,"h":1},{"t":"ground","x":628.95,"y":387.95,"r":0,"w":2.3049468994140625,"h":1},{"t":"hoist","x":668.95,"y":386.95,"r":180,"w":1,"h":1}]},{"n":"Layer 55","i":[{"t":"tile_d_scale_r","x":980,"y":579.95,"r":0,"w":1,"h":1},{"t":"tile_d_scale_l","x":753.95,"y":579.95,"r":0,"w":1,"h":1},{"t":"tile_d_scale","x":805.95,"y":579.95,"r":0,"w":1,"h":1},{"t":"tile_d_scale","x":904.95,"y":579.95,"r":0,"w":1.6225433349609375,"h":1},{"t":"tile_d_scale","x":577.95,"y":345,"r":-89.99774163774923,"w":0.7742462158203125,"h":1},{"t":"tile_d_scale_r","x":613,"y":301,"r":0,"w":1,"h":1},{"t":"tile_d_scale_l","x":376.95,"y":301,"r":0,"w":1,"h":1},{"t":"tile_d_scale","x":433.95,"y":301,"r":0,"w":1.1324462890625,"h":1},{"t":"tile_d_scale","x":537.95,"y":301,"r":0,"w":1.62249755859375,"h":1},{"t":"tile_werevka3","x":637.95,"y":450,"r":0,"w":1,"h":1},{"t":"tile_d_scale_l","x":527.95,"y":387.95,"r":0,"w":1,"h":1},{"t":"tile_d_scale","x":579.95,"y":387.95,"r":0,"w":1.010955810546875,"h":1},{"t":"tile_d_scale","x":655.95,"y":387.95,"r":0,"w":1.0263671875,"h":1},{"t":"tile_d_scale_r","x":709,"y":387.95,"r":0,"w":1,"h":1},{"t":"tile_werevka2","x":577.95,"y":386.95,"r":0,"w":1,"h":1},{"t":"tile_werevka1","x":775,"y":581,"r":0,"w":1,"h":1},{"t":"tile_werevka1","x":961,"y":581,"r":0,"w":1,"h":1},{"t":"tile_dirka1","x":423.95,"y":292,"r":89.99825147157303,"w":1,"h":1},{"t":"tile_gvozd","x":928.95,"y":589.95,"r":0,"w":1,"h":1},{"t":"tile_gvozd","x":545.95,"y":316,"r":0,"w":1,"h":1}]}]},{"v":[{"k":"time","v":46}],"l":[{"n":"Layer 1","i":[{"t":"ground","x":877.95,"y":524.95,"r":0,"w":3.0712890625,"h":1},{"t":"finish","x":877.95,"y":429.95,"r":0,"w":1,"h":1},{"t":"hero","x":596.95,"y":328,"r":0,"w":1,"h":1},{"t":"MovingPlatform","x":839.35,"y":153,"r":0,"w":2.02490234375,"h":1,"tP":{"n":"p1","x":350.25,"y":148.9},"s":"200"},{"t":"ground","x":596.95,"y":604.95,"r":0,"w":2.690216064453125,"h":1},{"t":"woodenBlock","x":596.95,"y":470.95,"r":-89.99326341487539,"w":0.7786712646484375,"h":1},{"t":"hoist","x":596.95,"y":525.95,"r":0,"w":1,"h":1},{"t":"hoist","x":596.95,"y":420.95,"r":180,"w":0.9999847412109375,"h":0.9999847412109375},{"t":"ground","x":679.95,"y":470.95,"r":-89.99927481958372,"w":2.411163330078125,"h":1},{"t":"ground","x":514.95,"y":471.95,"r":-89.99927481958372,"w":2.411163330078125,"h":1}]},{"n":"Layer 57","i":[{"t":"tile_d_scale_l","x":514.95,"y":386.95,"r":89.99475441473209,"w":1,"h":1},{"t":"tile_d_scale","x":514.95,"y":438.95,"r":89.99475441473209,"w":1,"h":1},{"t":"tile_d_scale","x":514.95,"y":528.95,"r":89.99624605876382,"w":1.3973541259765625,"h":1},{"t":"tile_d_scale_l","x":680.95,"y":385.95,"r":89.99475441473209,"w":1,"h":1},{"t":"tile_d_scale","x":680.95,"y":437.95,"r":89.99475441473209,"w":1,"h":1},{"t":"tile_d_scale","x":680.95,"y":527.95,"r":89.99624605876382,"w":1.3973541259765625,"h":1},{"t":"tile_d_scale_l","x":469.95,"y":604.95,"r":0,"w":1,"h":1},{"t":"tile_d_scale","x":521.95,"y":604.95,"r":0,"w":1,"h":1},{"t":"tile_d_scale","x":596.95,"y":604.95,"r":0,"w":1,"h":1},{"t":"tile_d_scale","x":671.95,"y":604.95,"r":0,"w":1,"h":1},{"t":"tile_d_scale_r","x":724,"y":604.95,"r":0,"w":1,"h":1},{"t":"tile_werevka2","x":682.95,"y":604.95,"r":0,"w":1,"h":1},{"t":"tile_werevka2","x":514.95,"y":604.95,"r":0,"w":1,"h":1},{"t":"tile_werevka3","x":831.95,"y":587,"r":0,"w":1,"h":1.0800628662109375},{"t":"tile_werevka3","x":862.95,"y":567,"r":0,"w":1,"h":1.0800628662109375},{"t":"tile_d_scale_r","x":988,"y":523.95,"r":0,"w":1,"h":1},{"t":"tile_d_scale_l","x":768.95,"y":523.95,"r":0,"w":1,"h":1},{"t":"tile_d_scale","x":820.95,"y":523.95,"r":0,"w":1,"h":1},{"t":"tile_d_scale","x":916.95,"y":523.95,"r":0,"w":1.5562744140625,"h":1},{"t":"tile_werevka1","x":795,"y":527,"r":0,"w":1,"h":1},{"t":"tile_werevka1","x":969,"y":526,"r":0,"w":1,"h":1},{"t":"tile_werevka1","x":512.9,"y":439,"r":89.99475441473209,"w":1,"h":1},{"t":"tile_werevka1","x":680.9,"y":423,"r":89.99475441473209,"w":1,"h":1},{"t":"tile_dirka1","x":918.95,"y":508.95,"r":-88.99679755689111,"w":0.92816162109375,"h":0.737945556640625},{"t":"tile_gvozd","x":520.95,"y":405.95,"r":0,"w":1,"h":1}]}]},{"v":[{"k":"time","v":48}],"l":[{"n":"Layer 1","i":[{"t":"ground","x":438.95,"y":623.95,"r":0,"w":3.0712890625,"h":1},{"t":"finish","x":438.95,"y":528.95,"r":0,"w":1,"h":1},{"t":"MovingPlatform","x":819.95,"y":481.95,"r":0,"w":2.1630706787109375,"h":1,"tP":{"n":"p1","x":814.05,"y":261.1},"s":"150"},{"t":"ground","x":952.95,"y":313,"r":-89.99917467165201,"w":5.2964630126953125,"h":1},{"t":"spring","x":949.95,"y":391.95,"r":89.99825147157303,"w":1,"h":1},{"t":"hero","x":779.95,"y":394.95,"r":0,"w":1,"h":1},{"t":"ground","x":686.95,"y":168,"r":89.9990595995288,"w":1.859344482421875,"h":1},{"t":"hoist","x":687.95,"y":191,"r":-89.99825147157303,"w":1,"h":1}]},{"n":"Layer 59","i":[{"t":"tile_d_scale","x":382.95,"y":623.95,"r":0,"w":1,"h":1},{"t":"tile_d_scale_l","x":330.95,"y":623.95,"r":0,"w":1,"h":1},{"t":"tile_d_scale_r","x":549,"y":623.95,"r":0,"w":1,"h":1},{"t":"tile_d_scale","x":952.95,"y":163,"r":-89.99912573578631,"w":1,"h":1},{"t":"tile_d_scale_r","x":952.95,"y":110.95,"r":-89.99912573578631,"w":1,"h":1},{"t":"tile_d_scale","x":952.95,"y":238,"r":-89.99912573578631,"w":1,"h":1},{"t":"tile_d_scale","x":952.95,"y":314,"r":-89.99478892411506,"w":1.006622314453125,"h":1},{"t":"tile_d_scale","x":952.95,"y":391.95,"r":-89.99438237334118,"w":1.0894012451171875,"h":1},{"t":"tile_d_scale","x":952.95,"y":464.95,"r":-89.99912573578631,"w":1,"h":1},{"t":"tile_d_scale_l","x":952.95,"y":516.95,"r":-89.99912573578631,"w":1,"h":1},{"t":"tile_d_scale","x":477.95,"y":623.95,"r":0,"w":1.5128936767578125,"h":1},{"t":"tile_d_scale","x":686.95,"y":169,"r":89.9958464263529,"w":1.262908935546875,"h":1},{"t":"tile_d_scale_l","x":686.95,"y":107,"r":89.99912573578631,"w":1,"h":1},{"t":"tile_d_scale_r","x":686.95,"y":230.05,"r":89.99912573578631,"w":1,"h":1},{"t":"tile_werevka1","x":953,"y":142.95,"r":-89.99912573578631,"w":1,"h":1},{"t":"tile_werevka1","x":954,"y":499.9,"r":-89.99912573578631,"w":1,"h":1},{"t":"tile_werevka1","x":352,"y":625,"r":0,"w":1,"h":1},{"t":"tile_werevka1","x":519,"y":625,"r":0,"w":1,"h":1},{"t":"tile_dirka2","x":408.95,"y":613.95,"r":0,"w":0.7484283447265625,"h":0.7484283447265625},{"t":"tile_dirka1","x":970.95,"y":242,"r":0,"w":1,"h":1},{"t":"tile_gvozd","x":544.95,"y":621.95,"r":0,"w":1,"h":1}]}]},{"v":[{"k":"time","v":50}],"l":[{"n":"Layer 1","i":[{"t":"ground","x":959.95,"y":534.95,"r":0,"w":3.0712890625,"h":1},{"t":"finish","x":959.95,"y":439.95,"r":0,"w":1,"h":1},{"t":"ground","x":357.95,"y":481.95,"r":0,"w":4.0043792724609375,"h":0.9999847412109375},{"t":"hero","x":325.95,"y":391.95,"r":0,"w":1,"h":1},{"t":"ground","x":239,"y":387.95,"r":-89.996741299285,"w":1.3414306640625,"h":1},{"t":"spring","x":239,"y":400.95,"r":-89.99912573578631,"w":1,"h":1},{"t":"woodenBlock","x":585.95,"y":482.95,"r":0,"w":0.5685577392578125,"h":1},{"t":"ground","x":550.95,"y":561.95,"r":0,"w":2.5865478515625,"h":0.9999847412109375},{"t":"ground","x":693.95,"y":490.95,"r":-89.99907490964488,"w":2.835174560546875,"h":0.9999847412109375},{"t":"hoist","x":585.95,"y":484.95,"r":0,"w":1,"h":1},{"t":"ground","x":501.95,"y":228,"r":89.99909540597358,"w":2.8994140625,"h":0.9999847412109375},{"t":"spring","x":500.95,"y":301,"r":-89.99912573578631,"w":1,"h":1}]},{"n":"Layer 61","i":[{"t":"tile_d_scale_r","x":503.95,"y":330.05,"r":89.99475441473209,"w":1,"h":1},{"t":"tile_d_scale_l","x":503.95,"y":124,"r":89.99475441473209,"w":1,"h":1},{"t":"tile_d_scale","x":503.95,"y":176,"r":89.99475441473209,"w":1,"h":1},{"t":"tile_d_scale_l","x":239,"y":347,"r":89.99475441473209,"w":1,"h":1},{"t":"tile_d_scale_r","x":694.95,"y":388.9,"r":-89.99475441473209,"w":1,"h":1},{"t":"tile_d_scale","x":694.95,"y":455.95,"r":-89.99937434312643,"w":1.3973541259765625,"h":1},{"t":"tile_d_scale_l","x":460.95,"y":560.95,"r":0,"w":1,"h":1},{"t":"tile_d_scale","x":512.95,"y":560.95,"r":0,"w":1,"h":1},{"t":"tile_d_scale","x":605.95,"y":560.95,"r":0,"w":1.4635772705078125,"h":1},{"t":"tile_d_scale","x":694.95,"y":559.95,"r":-89.99936225354226,"w":1.3708648681640625,"h":1},{"t":"tile_d_scale_l","x":694.95,"y":625.95,"r":-89.99475425464465,"w":0.999969482421875,"h":0.999969482421875},{"t":"tile_d_scale","x":503.95,"y":265,"r":89.99935915062177,"w":1.364227294921875,"h":1},{"t":"tile_werevka2","x":694.95,"y":561.95,"r":0,"w":1,"h":1},{"t":"tile_werevka1","x":502.9,"y":173.05,"r":89.99475441473209,"w":1,"h":1},{"t":"tile_gvozd","x":695.95,"y":422.95,"r":0,"w":1,"h":1},{"t":"tile_werevka3","x":979.95,"y":588,"r":0,"w":1,"h":1},{"t":"tile_werevka3","x":378.95,"y":540,"r":0,"w":1,"h":1},{"t":"tile_werevka3","x":331.95,"y":526,"r":0,"w":1,"h":1},{"t":"tile_d_scale","x":239,"y":410.95,"r":89.99935777143149,"w":1.361297607421875,"h":1},{"t":"tile_d_scale_r","x":505,"y":480.95,"r":0,"w":1,"h":1},{"t":"tile_d_scale","x":452.95,"y":480.95,"r":0,"w":1,"h":1},{"t":"tile_d_scale","x":377.95,"y":480.95,"r":0,"w":1,"h":1},{"t":"tile_d_scale","x":279,"y":480.95,"r":0,"w":1.6370849609375,"h":1},{"t":"tile_d_scale_l","x":203,"y":480.95,"r":0,"w":1,"h":1},{"t":"tile_werevka1","x":420,"y":482,"r":0,"w":1,"h":1},{"t":"tile_dirka1","x":258,"y":480.95,"r":84.49751330058349,"w":1.1462249755859375,"h":0.8434600830078125},{"t":"tile_d_scale_r","x":1072,"y":534.95,"r":0,"w":1,"h":1},{"t":"tile_d_scale_l","x":849.95,"y":534.95,"r":0,"w":1,"h":1},{"t":"tile_d_scale","x":909.95,"y":534.95,"r":0,"w":1.2065887451171875,"h":1},{"t":"tile_d_scale","x":1005.95,"y":534.95,"r":0,"w":1.3687286376953125,"h":1},{"t":"tile_gvozd","x":1055.95,"y":530.95,"r":0,"w":1,"h":1},{"t":"tile_werevka1","x":939,"y":536,"r":0,"w":1,"h":1},{"t":"tile_gvozd","x":869.95,"y":534.95,"r":0,"w":1,"h":1},{"t":"tile_gvozd","x":503.95,"y":141,"r":0,"w":1,"h":1}]}]},{"v":[{"k":"time","v":85}],"l":[{"n":"Layer 1","i":[{"t":"ground","x":296.95,"y":596.95,"r":0,"w":3.0712890625,"h":1},{"t":"finish","x":296.95,"y":501.95,"r":0,"w":1,"h":1},{"t":"MovingPlatform","x":755.95,"y":368.95,"r":-89.99919164526402,"w":2.1630706787109375,"h":1,"tP":{"n":"p1","x":750.05,"y":144.1},"s":"150"},{"t":"hero","x":951.95,"y":211,"r":0,"w":1,"h":1},{"t":"MovingPlatform","x":567.95,"y":223,"r":89.99919164526402,"w":2.1630706787109375,"h":1,"tP":{"n":"p2","x":574.05,"y":448.05},"s":"150"},{"t":"ground","x":704.95,"y":495.95,"r":0,"w":2.3058319091796875,"h":1},{"t":"ground","x":1033.95,"y":251,"r":89.9991964126296,"w":2.1759033203125,"h":1},{"t":"spring","x":1030.95,"y":214,"r":89.99475441473209,"w":1,"h":1},{"t":"spring","x":754.95,"y":413.95,"r":89.99475441473209,"w":1,"h":1},{"t":"ground","x":136,"y":439.95,"r":89.99912497205952,"w":4.995635986328125,"h":1},{"t":"ground","x":951.95,"y":304,"r":0,"w":1.0755615234375,"h":1}]},{"n":"Layer 81","i":[{"t":"tile_d_scale","x":1034.95,"y":236,"r":-89.9956952293864,"w":1.2185516357421875,"h":1},{"t":"tile_d_scale_r","x":1034.95,"y":175.95,"r":-89.99475441473209,"w":1,"h":1},{"t":"tile_d_scale_r","x":786,"y":494.95,"r":0,"w":1,"h":1},{"t":"tile_d_scale","x":707.95,"y":494.95,"r":0,"w":1.807952880859375,"h":1},{"t":"tile_d_scale_l","x":625.95,"y":494.95,"r":0,"w":1,"h":1},{"t":"tile_d_scale","x":137,"y":376.95,"r":89.99475441473209,"w":1,"h":1},{"t":"tile_d_scale","x":137,"y":305,"r":89.99475441473209,"w":1,"h":1},{"t":"tile_d_scale_l","x":137,"y":253,"r":89.99475441473209,"w":1,"h":1},{"t":"tile_d_scale","x":137,"y":452.95,"r":89.99475441473209,"w":1,"h":1},{"t":"tile_d_scale","x":137,"y":527.95,"r":89.99475441473209,"w":1,"h":1},{"t":"tile_werevka1","x":136.95,"y":295.05,"r":89.99475441473209,"w":1,"h":1},{"t":"tile_werevka3","x":339.95,"y":656,"r":0,"w":1,"h":1},{"t":"tile_werevka3","x":301.95,"y":629,"r":0,"w":1,"h":1},{"t":"tile_werevka3","x":993.95,"y":359,"r":0,"w":1,"h":1},{"t":"tile_werevka1","x":136.95,"y":422,"r":89.99475441473209,"w":1,"h":1},{"t":"tile_d_scale","x":355.95,"y":596.95,"r":0,"w":1,"h":1},{"t":"tile_d_scale_r","x":408,"y":596.95,"r":0,"w":1,"h":1},{"t":"tile_d_scale","x":283.95,"y":596.95,"r":0,"w":1,"h":1},{"t":"tile_d_scale_l","x":94,"y":596.95,"r":0,"w":1,"h":1},{"t":"tile_d_scale","x":177,"y":596.95,"r":0,"w":1.8268890380859375,"h":1},{"t":"tile_werevka2","x":137,"y":596.95,"r":0,"w":1,"h":1},{"t":"tile_werevka1","x":381,"y":598,"r":0,"w":1,"h":1},{"t":"tile_d_scale","x":1043.95,"y":303,"r":0,"w":1,"h":1},{"t":"tile_d_scale_r","x":1095,"y":303,"r":0,"w":1,"h":1},{"t":"tile_d_scale","x":970.95,"y":303,"r":0,"w":1,"h":1},{"t":"tile_d_scale_l","x":918.95,"y":303,"r":0,"w":1,"h":1},{"t":"tile_werevka2","x":1035.95,"y":304,"r":0,"w":1,"h":1},{"t":"tile_gvozd","x":647.95,"y":491.95,"r":0,"w":1,"h":1},{"t":"tile_gvozd","x":137,"y":357.95,"r":0,"w":1,"h":1},{"t":"tile_gvozd","x":137,"y":491.95,"r":0,"w":1,"h":1},{"t":"tile_dirka1","x":742.95,"y":502.95,"r":61.18700953418345,"w":0.9415435791015625,"h":0.6599273681640625}]}]},{"v":[{"k":"time","v":65}],"l":[{"n":"Layer 1","i":[{"t":"ground","x":893.95,"y":633.95,"r":0,"w":3.0712890625,"h":1},{"t":"finish","x":893.95,"y":538.95,"r":0,"w":1,"h":1},{"t":"hero","x":743.95,"y":165,"r":0,"w":1,"h":1},{"t":"ground","x":515.95,"y":556.95,"r":0,"w":6.5209503173828125,"h":1},{"t":"ground","x":425.95,"y":211,"r":89.99736352938189,"w":1.9896240234375,"h":1},{"t":"hook","x":424.95,"y":169,"r":-89.99825147157303,"w":1,"h":1},{"t":"ground","x":736.95,"y":251,"r":0,"w":1.03692626953125,"h":1},{"t":"woodenBlock","x":676.95,"y":474.95,"r":0,"w":0.8264312744140625,"h":1},{"t":"hoist","x":616.95,"y":475.95,"r":0,"w":1,"h":1},{"t":"ground","x":364.95,"y":436.95,"r":89.99736352938189,"w":1.9896240234375,"h":1},{"t":"hook","x":365.95,"y":473.95,"r":-89.99825147157303,"w":1,"h":1}]},{"n":"Layer 85","i":[{"t":"tile_d_scale","x":365.95,"y":425.45,"r":89.99843770029179,"w":1.11920166015625,"h":1},{"t":"tile_d_scale_l","x":365.95,"y":369.95,"r":89.99825147157303,"w":1,"h":1},{"t":"tile_d_scale","x":365.95,"y":496.95,"r":89.99825147157303,"w":1,"h":1},{"t":"tile_d_scale","x":837.95,"y":634.95,"r":0,"w":1,"h":1},{"t":"tile_d_scale_l","x":785.95,"y":634.95,"r":0,"w":1,"h":1},{"t":"tile_d_scale","x":934.95,"y":634.95,"r":0,"w":1.5695343017578125,"h":1},{"t":"tile_d_scale_r","x":1003,"y":634.95,"r":0,"w":1,"h":1},{"t":"tile_d_scale","x":739.95,"y":251,"r":0,"w":0.4990692138671875,"h":1},{"t":"tile_d_scale_l","x":706.95,"y":251,"r":0,"w":1,"h":1},{"t":"tile_d_scale_r","x":768,"y":251,"r":0,"w":1,"h":1},{"t":"tile_d_scale","x":426.95,"y":210,"r":89.99939553762597,"w":1.44635009765625,"h":1},{"t":"tile_d_scale_l","x":426.95,"y":142,"r":89.99825147157303,"w":1,"h":1},{"t":"tile_d_scale_r","x":426.95,"y":279.05,"r":89.99825147157303,"w":1,"h":1},{"t":"tile_werevka3","x":420.95,"y":615,"r":0,"w":1,"h":1},{"t":"tile_werevka3","x":471.95,"y":594,"r":0,"w":1,"h":1},{"t":"tile_werevka3","x":620.95,"y":615,"r":0,"w":1,"h":1},{"t":"tile_d_scale","x":323.95,"y":555.95,"r":0,"w":1,"h":1},{"t":"tile_d_scale_l","x":273,"y":555.95,"r":0,"w":1,"h":1},{"t":"tile_d_scale","x":396.95,"y":555.95,"r":0,"w":1.0794677734375,"h":1},{"t":"tile_d_scale","x":470.35,"y":555.95,"r":0,"w":1.1490020751953125,"h":1},{"t":"tile_d_scale","x":550.95,"y":555.95,"r":0,"w":1,"h":1},{"t":"tile_d_scale","x":625.95,"y":555.95,"r":0,"w":1,"h":1},{"t":"tile_d_scale","x":706.95,"y":555.95,"r":0,"w":1.1324462890625,"h":1},{"t":"tile_d_scale_r","x":764,"y":555.95,"r":0,"w":1,"h":1},{"t":"tile_werevka2","x":365.95,"y":556.95,"r":0,"w":1,"h":1},{"t":"tile_werevka1","x":971,"y":636,"r":0,"w":1,"h":1},{"t":"tile_werevka1","x":825,"y":635,"r":0,"w":1,"h":1},{"t":"tile_werevka1","x":660,"y":559,"r":0,"w":1,"h":1},{"t":"tile_werevka1","x":364.9,"y":388,"r":89.99825147157303,"w":1,"h":1},{"t":"tile_dirka2","x":531.95,"y":566.95,"r":0,"w":0.9708709716796875,"h":0.7064971923828125},{"t":"tile_gvozd","x":446.95,"y":266,"r":0,"w":1,"h":1},{"t":"tile_gvozd","x":758.95,"y":244,"r":0,"w":1,"h":1},{"t":"tile_gvozd","x":289.95,"y":569.95,"r":0,"w":1,"h":1},{"t":"tile_dirka1","x":913.95,"y":635.95,"r":-25.056378494170907,"w":0.80657958984375,"h":0.579315185546875}]}]},{"v":[{"k":"time","v":80}],"l":[{"n":"Layer 1","i":[{"t":"ground","x":591.95,"y":642.95,"r":0,"w":3.0712890625,"h":1},{"t":"finish","x":591.95,"y":547.95,"r":0,"w":1,"h":1},{"t":"hero","x":957.95,"y":138,"r":0,"w":1,"h":1},{"t":"ground","x":458.95,"y":325,"r":0,"w":1.59307861328125,"h":1},{"t":"MovingPlatform","x":844.95,"y":404.95,"r":0,"w":1.899993896484375,"h":1,"tP":{"n":"p1","x":600.05,"y":405.05},"s":"150"},{"t":"ground","x":960.95,"y":359.95,"r":-89.99920694864498,"w":4.4096221923828125,"h":1},{"t":"hook","x":960.95,"y":228,"r":89.99912570910507,"w":0.999969482421875,"h":0.999969482421875},{"t":"spring","x":961.95,"y":326,"r":89.99912573578631,"w":1,"h":1},{"t":"ground","x":355.95,"y":231,"r":89.99922650620313,"w":3.390838623046875,"h":1},{"t":"hook","x":356.95,"y":148,"r":-89.99912570910507,"w":0.999969482421875,"h":0.999969482421875},{"t":"ground","x":430.65,"y":569,"r":90,"w":2.375396728515625,"h":1}]},{"n":"Layer 87","i":[{"t":"tile_d_scale_r","x":960.95,"y":193.95,"r":-89.99912573578631,"w":1,"h":1},{"t":"tile_d_scale","x":960.95,"y":251,"r":-89.99531310088467,"w":1.11920166015625,"h":1},{"t":"tile_d_scale","x":960.95,"y":322,"r":-89.99912573578631,"w":1,"h":1},{"t":"tile_d_scale","x":960.95,"y":401.95,"r":-89.99538135914213,"w":1.1357421875,"h":1},{"t":"tile_d_scale","x":960.95,"y":472.95,"r":-89.99912573578631,"w":1,"h":1},{"t":"tile_d_scale_l","x":960.95,"y":524.95,"r":-89.99912573578631,"w":1,"h":1},{"t":"tile_d_scale","x":356.95,"y":251,"r":89.99624605876382,"w":1.3973541259765625,"h":1},{"t":"tile_d_scale","x":356.95,"y":161,"r":89.99912573578631,"w":1,"h":1},{"t":"tile_d_scale_l","x":356.95,"y":109,"r":89.99912573578631,"w":1,"h":1},{"t":"tile_werevka3","x":412.95,"y":364,"r":0,"w":1,"h":1},{"t":"tile_werevka3","x":445.95,"y":385,"r":0,"w":1,"h":1},{"t":"tile_d_scale_r","x":511,"y":325,"r":0,"w":1,"h":1},{"t":"tile_d_scale","x":458.95,"y":325,"r":0,"w":1,"h":1},{"t":"tile_d_scale","x":369.2,"y":325,"r":0,"w":1.3768157958984375,"h":1},{"t":"tile_d_scale_l","x":311.95,"y":325,"r":0,"w":1,"h":1},{"t":"tile_werevka2","x":357.95,"y":326,"r":0,"w":1,"h":1},{"t":"tile_werevka1","x":961,"y":507.9,"r":-89.99912573578631,"w":1,"h":1},{"t":"tile_dirka2","x":971.95,"y":434.95,"r":-32.82542654648246,"w":0.73028564453125,"h":0.73028564453125},{"t":"tile_gvozd","x":495.95,"y":340,"r":0,"w":1,"h":1},{"t":"tile_d_scale_l","x":430.45,"y":485.4,"r":90,"w":1,"h":1},{"t":"tile_d_scale","x":430.45,"y":551.65,"r":90,"w":1.5518798828125,"h":1},{"t":"tile_d_scale_r","x":704,"y":642.95,"r":0,"w":1,"h":1},{"t":"tile_d_scale","x":651.95,"y":642.95,"r":0,"w":1,"h":1},{"t":"tile_d_scale","x":552.95,"y":642.95,"r":0,"w":1.6225433349609375,"h":1},{"t":"tile_d_scale_l","x":382.95,"y":642.95,"r":0,"w":1,"h":1},{"t":"tile_werevka1","x":547,"y":644,"r":0,"w":1,"h":1},{"t":"tile_dirka1","x":666.95,"y":635.95,"r":88.49921262591475,"w":0.9997711181640625,"h":0.6674041748046875},{"t":"tile_d_scale","x":443.7,"y":642.95,"r":0,"w":1.40655517578125,"h":1},{"t":"tile_werevka2","x":431.6,"y":642.6,"r":0,"w":1,"h":1},{"t":"tile_gvozd","x":420.95,"y":534.75,"r":0,"w":1,"h":1}]}]},{"v":[{"k":"time","v":85}],"l":[{"n":"Layer 1","i":[{"t":"ground","x":284.95,"y":561.95,"r":0,"w":3.0712890625,"h":1},{"t":"finish","x":284.95,"y":466.95,"r":0,"w":1,"h":1},{"t":"hero","x":956.95,"y":216,"r":0,"w":1,"h":1},{"t":"ground","x":506.95,"y":484.95,"r":0,"w":2.541259765625,"h":1},{"t":"ground","x":1041.95,"y":315,"r":89.99819518114111,"w":3.390838623046875,"h":1},{"t":"MovingPlatform","x":920.95,"y":304,"r":0,"w":2.002197265625,"h":1,"tP":{"n":"p1","x":921.05,"y":614.05},"s":"100"},{"t":"evilBull","x":493.95,"y":395.95,"r":0,"w":1,"h":1},{"t":"spring","x":1040.95,"y":235,"r":89.99912573578631,"w":1,"h":1},{"t":"hook","x":881.95,"y":303,"r":89.99912573578631,"w":1,"h":1},{"t":"hook","x":565.95,"y":486.95,"r":-89.99912573578631,"w":1,"h":1},{"t":"woodenBlock","x":876.95,"y":200,"r":89.99832659308107,"w":0.5224456787109375,"h":1},{"t":"ground","x":128,"y":391.95,"r":89.9991794210051,"w":5.327117919921875,"h":1}]},{"n":"Layer 89","i":[{"t":"tile_d_scale","x":129,"y":244,"r":89.99913148735018,"w":1.006622314453125,"h":1},{"t":"tile_d_scale_l","x":129,"y":192,"r":89.99475441473209,"w":1,"h":1},{"t":"tile_d_scale","x":129,"y":317,"r":89.99512563023737,"w":1.0761566162109375,"h":1},{"t":"tile_d_scale","x":129,"y":394.95,"r":89.99475441473209,"w":1,"h":1},{"t":"tile_d_scale","x":129,"y":467.95,"r":89.99919009697629,"w":1.0794677734375,"h":1},{"t":"tile_d_scale_r","x":129,"y":639,"r":89.99475441473209,"w":1,"h":1},{"t":"tile_d_scale","x":1041.95,"y":244,"r":-89.99475441473209,"w":1,"h":1},{"t":"tile_d_scale_r","x":1041.95,"y":191.95,"r":-89.99475441473209,"w":1,"h":1},{"t":"tile_d_scale","x":1041.95,"y":353,"r":-89.99908165859372,"w":1.9040069580078125,"h":1},{"t":"tile_d_scale_l","x":1041.95,"y":438.95,"r":-89.99475441473209,"w":1,"h":1},{"t":"tile_werevka3","x":551.95,"y":535,"r":0,"w":1,"h":1},{"t":"tile_werevka3","x":517.95,"y":520,"r":0,"w":1,"h":1},{"t":"tile_werevka3","x":319.95,"y":615,"r":0,"w":1,"h":1},{"t":"tile_d_scale","x":353.95,"y":562.95,"r":0,"w":1.0059661865234375,"h":1},{"t":"tile_d_scale_r","x":406,"y":562.95,"r":0,"w":1,"h":1},{"t":"tile_d_scale","x":283,"y":562.95,"r":0,"w":1.11920166015625,"h":1},{"t":"tile_d_scale","x":197,"y":562.95,"r":0,"w":1.1721649169921875,"h":1},{"t":"tile_d_scale","x":129,"y":563.95,"r":89.99891076804101,"w":1.60528564453125,"h":1},{"t":"tile_d_scale","x":543.95,"y":484.95,"r":0,"w":1,"h":1},{"t":"tile_d_scale_r","x":596,"y":484.95,"r":0,"w":1,"h":1},{"t":"tile_d_scale","x":468.95,"y":484.95,"r":0,"w":1,"h":1},{"t":"tile_d_scale_l","x":418.95,"y":484.95,"r":0,"w":1,"h":1},{"t":"tile_werevka2","x":129,"y":565.95,"r":0,"w":1,"h":1},{"t":"tile_werevka1","x":571,"y":486,"r":0,"w":1,"h":1},{"t":"tile_werevka1","x":273.05,"y":566,"r":0,"w":1,"h":1},{"t":"tile_werevka1","x":127.95,"y":249.05,"r":89.99912573578631,"w":1,"h":1},{"t":"tile_werevka1","x":1042,"y":396.9,"r":-89.99912573578631,"w":1,"h":1},{"t":"tile_dirka1","x":455.95,"y":496.95,"r":95.00118245969944,"w":0.7286834716796875,"h":0.7286834716796875},{"t":"tile_dirka2","x":133,"y":359.95,"r":73.22950316912046,"w":0.899078369140625,"h":0.899078369140625},{"t":"tile_gvozd","x":391.95,"y":559.95,"r":0,"w":1,"h":1},{"t":"tile_gvozd","x":138,"y":213,"r":0,"w":1,"h":1}]}]},{"v":[{"k":"time","v":110}],"l":[{"n":"Layer 1","i":[{"t":"ground","x":942.95,"y":383.95,"r":0,"w":3.058380126953125,"h":1},{"t":"finish","x":945.95,"y":289,"r":0,"w":1,"h":1},{"t":"hero","x":283.95,"y":431.95,"r":0,"w":1,"h":1},{"t":"ground","x":418.95,"y":600.95,"r":0,"w":5.0604095458984375,"h":1},{"t":"ground","x":190,"y":494.95,"r":89.9983135616431,"w":3.6288604736328125,"h":1},{"t":"evilBull","x":566.95,"y":512.95,"r":0,"w":1,"h":1},{"t":"ground","x":526.95,"y":176,"r":0,"w":2.266815185546875,"h":1},{"t":"ground","x":575.95,"y":284,"r":-89.99745815272279,"w":1.7197418212890625,"h":1},{"t":"MovingPlatform","x":676.95,"y":257,"r":180,"w":1.446258544921875,"h":1,"tP":{"n":"p1","x":675.05,"y":646.05},"s":"100"},{"t":"ground","x":776.95,"y":462.95,"r":-89.99908512362906,"w":4.778045654296875,"h":1},{"t":"spring","x":577.95,"y":178,"r":-89.99912573578631,"w":1,"h":1},{"t":"ground","x":1103.9,"y":280,"r":-89.99832044030875,"w":3.6437225341796875,"h":1},{"t":"woodenBlock","x":324.95,"y":519.95,"r":0,"w":0.7469329833984375,"h":1},{"t":"cannon","x":369.95,"y":518.95,"r":-89.99912573578631,"w":1,"h":1},{"t":"hoist","x":275,"y":521.95,"r":0,"w":1,"h":1}]},{"n":"Layer 9","i":[{"t":"tile_d_scale","x":510.95,"y":176,"r":0,"w":1.19287109375,"h":1},{"t":"tile_d_scale_l","x":448.95,"y":176,"r":0,"w":1.19287109375,"h":1},{"t":"tile_d_scale_r","x":576.95,"y":141.95,"r":-89.99825147157303,"w":1,"h":1},{"t":"tile_d_scale","x":576.95,"y":204,"r":-89.9993205604365,"w":1.2867431640625,"h":1},{"t":"tile_werevka3","x":1007.95,"y":433,"r":0,"w":1,"h":1},{"t":"tile_werevka3","x":947.95,"y":450,"r":0,"w":1.0555572509765625,"h":1.1201019287109375},{"t":"tile_werevka3","x":899.95,"y":418,"r":0,"w":1,"h":1},{"t":"tile_werevka3","x":379.95,"y":634,"r":0,"w":1,"h":1},{"t":"tile_werevka3","x":322.95,"y":659,"r":0,"w":1,"h":1},{"t":"tile_d_scale","x":841.95,"y":383.95,"r":0,"w":1,"h":1},{"t":"tile_d_scale","x":914.45,"y":383.95,"r":0,"w":1.09271240234375,"h":1},{"t":"tile_d_scale","x":996.45,"y":383.95,"r":0,"w":1.09271240234375,"h":1},{"t":"tile_d_scale","x":1068.95,"y":383.95,"r":0,"w":1,"h":1},{"t":"tile_d_scale","x":1103.9,"y":416.95,"r":-89.99825147157303,"w":1,"h":1},{"t":"tile_d_scale","x":1103.9,"y":338.4,"r":-89.9984046616409,"w":1.0960235595703125,"h":1},{"t":"tile_d_scale","x":1103.9,"y":266,"r":-89.99825147157303,"w":1,"h":1},{"t":"tile_d_scale","x":1103.9,"y":191,"r":-89.99825147157303,"w":1,"h":1},{"t":"tile_d_scale_r","x":1103.9,"y":138.95,"r":-89.99825147157303,"w":1,"h":1},{"t":"tile_d_scale_l","x":1104.9,"y":468.95,"r":-89.99825147157303,"w":1,"h":1},{"t":"tile_d_scale","x":775.95,"y":336,"r":-89.99825147157303,"w":1,"h":1},{"t":"tile_d_scale_r","x":775.95,"y":283.95,"r":-89.99825147157303,"w":1,"h":1},{"t":"tile_d_scale","x":775.95,"y":577.95,"r":-89.99937552964535,"w":1.4000091552734375,"h":1},{"t":"tile_d_scale","x":775.95,"y":490.45,"r":-89.99839982741724,"w":1.09271240234375,"h":1},{"t":"tile_d_scale","x":775.95,"y":411.95,"r":-89.99825147157303,"w":1,"h":1},{"t":"tile_d_scale_l","x":775.95,"y":641.95,"r":-89.99825147157303,"w":1,"h":1},{"t":"tile_d_scale","x":576.95,"y":289,"r":-89.99825147157303,"w":1,"h":1},{"t":"tile_d_scale_l","x":576.95,"y":340,"r":-89.99825147157303,"w":1,"h":1},{"t":"tile_d_scale","x":190,"y":516.95,"r":89.99937552964535,"w":1.4000091552734375,"h":1},{"t":"tile_d_scale_l","x":190,"y":362.95,"r":89.99825147157303,"w":1,"h":1},{"t":"tile_d_scale","x":190,"y":420.95,"r":89.99924743505517,"w":1.161712646484375,"h":1},{"t":"tile_d_scale","x":315.95,"y":601.95,"r":0,"w":1.4000091552734375,"h":1},{"t":"tile_d_scale","x":405.95,"y":601.95,"r":0,"w":1,"h":1},{"t":"tile_d_scale","x":480.95,"y":601.95,"r":0,"w":1,"h":1},{"t":"tile_d_scale","x":555.95,"y":601.95,"r":0,"w":1,"h":1},{"t":"tile_d_scale_r","x":608,"y":601.95,"r":0,"w":1,"h":1},{"t":"tile_d_scale_l","x":141,"y":601.95,"r":0,"w":1,"h":1},{"t":"tile_d_scale","x":209,"y":601.95,"r":0,"w":1.4271240234375,"h":1},{"t":"tile_werevka2","x":1104.9,"y":383.95,"r":0,"w":1,"h":1},{"t":"tile_werevka2","x":777.95,"y":384.95,"r":0,"w":1,"h":1},{"t":"tile_werevka2","x":192,"y":602.95,"r":0,"w":1,"h":1},{"t":"tile_werevka1","x":776,"y":614.9,"r":-89.99825147157303,"w":1,"h":1},{"t":"tile_werevka1","x":576,"y":309.95,"r":-89.99825147157303,"w":1,"h":1},{"t":"tile_werevka1","x":506,"y":602,"r":0,"w":1,"h":1},{"t":"tile_werevka1","x":1103.95,"y":178.95,"r":-89.99825147157303,"w":1,"h":1},{"t":"tile_dirka1","x":1004.95,"y":380.95,"r":77.73851986244223,"w":0.924774169921875,"h":0.924774169921875},{"t":"tile_dirka1","x":177,"y":426.95,"r":-7.7547398762998565,"w":0.9252777099609375,"h":0.9252777099609375},{"t":"tile_dirka2","x":431.95,"y":612.95,"r":0,"w":0.7903594970703125,"h":0.7903594970703125},{"t":"tile_dirka2","x":1110.9,"y":232,"r":-85.99732842323635,"w":0.7900390625,"h":0.7900390625},{"t":"tile_gvozd","x":790.95,"y":450.95,"r":0,"w":1,"h":1},{"t":"tile_gvozd","x":468.95,"y":192,"r":0,"w":1,"h":1},{"t":"tile_gvozd","x":266,"y":617.95,"r":0,"w":1,"h":1},{"t":"tile_gvozd","x":1112.9,"y":437.95,"r":0,"w":1,"h":1}]}]},{"v":[{"k":"time","v":100}],"l":[{"n":"Layer 1","i":[{"t":"ground","x":205,"y":517.95,"r":0,"w":3.039337158203125,"h":1},{"t":"finish","x":205,"y":422.95,"r":0,"w":1,"h":1},{"t":"hero","x":829.95,"y":342,"r":0,"w":1,"h":1},{"t":"MovingPlatform","x":650.95,"y":413.95,"r":180,"w":1.1210174560546875,"h":1,"tP":{"n":"p1","x":651.05,"y":693.05},"s":"70"},{"t":"ground","x":740.95,"y":605.95,"r":-89.99681449431493,"w":1.37225341796875,"h":1},{"t":"ground","x":856.95,"y":511.95,"r":0,"w":3.9450836181640625,"h":0.9999847412109375},{"t":"ground","x":736.95,"y":199,"r":-89.99749519347115,"w":2.094207763671875,"h":1},{"t":"woodenBlock","x":372.95,"y":434.95,"r":-89.98717210823783,"w":0.4089202880859375,"h":1},{"t":"spring","x":734.95,"y":240,"r":89.99475441473209,"w":1,"h":1},{"t":"MovingPlatform","x":372.95,"y":522.95,"r":0,"w":1.1210174560546875,"h":1,"tP":{"n":"p2","x":373.05,"y":244.1},"s":"70"},{"t":"hook","x":737.95,"y":157,"r":89.99475441473209,"w":1,"h":1},{"t":"ground","x":560.95,"y":509.95,"r":89.99816064913342,"w":3.802490234375,"h":1},{"t":"woodenBlock","x":832.95,"y":430.95,"r":0,"w":0.3902130126953125,"h":1},{"t":"ground","x":1021.95,"y":457.95,"r":-89.99743301765002,"w":2.384063720703125,"h":1},{"t":"hook","x":1022.95,"y":430.95,"r":89.99475441473209,"w":1,"h":1},{"t":"spring","x":825.95,"y":430.95,"r":89.99475441473209,"w":1,"h":1}]},{"n":"Layer 11","i":[{"t":"tile_d_scale_r","x":736.95,"y":125.95,"r":-89.99825147157303,"w":1,"h":1},{"t":"tile_d_scale_l","x":736.95,"y":271,"r":-89.99825147157303,"w":1,"h":1},{"t":"tile_d_scale","x":736.95,"y":201.55,"r":-89.9989312482838,"w":1.63604736328125,"h":1},{"t":"tile_d_scale_l","x":740.95,"y":650.95,"r":-89.99825147157303,"w":1,"h":1},{"t":"tile_d_scale","x":740.95,"y":589.95,"r":-89.99928640736923,"w":1.22515869140625,"h":1},{"t":"tile_werevka3","x":978.95,"y":575,"r":0,"w":1,"h":1},{"t":"tile_werevka3","x":949.95,"y":553,"r":0,"w":1,"h":1},{"t":"tile_werevka3","x":138,"y":553,"r":0,"w":1,"h":1},{"t":"tile_werevka3","x":247,"y":575,"r":0,"w":1,"h":1},{"t":"tile_d_scale_l","x":710.95,"y":510.95,"r":0,"w":1,"h":1},{"t":"tile_d_scale","x":761.95,"y":510.95,"r":0,"w":1,"h":1},{"t":"tile_d_scale_r","x":1021.95,"y":373.9,"r":-89.99825147157303,"w":1,"h":1},{"t":"tile_d_scale","x":1021.95,"y":432.95,"r":-89.99926577759612,"w":1.19073486328125,"h":1},{"t":"tile_d_scale_r","x":1052,"y":510.95,"r":0,"w":1,"h":1},{"t":"tile_d_scale","x":833.95,"y":510.95,"r":0,"w":1,"h":1},{"t":"tile_d_scale","x":904.95,"y":510.95,"r":0,"w":1,"h":1},{"t":"tile_d_scale","x":989.95,"y":510.95,"r":0,"w":1.268218994140625,"h":1},{"t":"tile_d_scale_l","x":560.95,"y":648.95,"r":-89.99825147157303,"w":1,"h":1},{"t":"tile_d_scale","x":560.95,"y":596.95,"r":-89.99825147157303,"w":1,"h":1},{"t":"tile_d_scale","x":560.95,"y":525.95,"r":-89.99825147157303,"w":1,"h":1},{"t":"tile_d_scale","x":560.95,"y":434.95,"r":-89.99884651756513,"w":1.515869140625,"h":1},{"t":"tile_d_scale_l","x":95,"y":518.95,"r":0,"w":1,"h":1},{"t":"tile_d_scale","x":147,"y":518.95,"r":0,"w":1,"h":1},{"t":"tile_d_scale","x":243,"y":518.95,"r":0,"w":1.661590576171875,"h":1},{"t":"tile_d_scale_r","x":560.95,"y":370.9,"r":-89.99825147157303,"w":1,"h":1},{"t":"tile_d_scale_r","x":313,"y":518.95,"r":0,"w":1,"h":1},{"t":"tile_werevka2","x":742.95,"y":511.95,"r":0,"w":1,"h":1},{"t":"tile_werevka1","x":293,"y":520,"r":0,"w":1,"h":1},{"t":"tile_werevka1","x":111.05,"y":521,"r":0,"w":1,"h":1},{"t":"tile_werevka1","x":560,"y":495.9,"r":-89.99825147157303,"w":1,"h":1},{"t":"tile_werevka1","x":740,"y":623.9,"r":-89.99825147157303,"w":1,"h":1},{"t":"tile_dirka2","x":911.95,"y":515.95,"r":0,"w":1,"h":1},{"t":"tile_dirka1","x":544.95,"y":594.95,"r":13.027413561508668,"w":0.715301513671875,"h":0.715301513671875},{"t":"tile_gvozd","x":146,"y":516.95,"r":0,"w":1,"h":1},{"t":"tile_gvozd","x":548.95,"y":391.95,"r":0,"w":1,"h":1},{"t":"tile_gvozd","x":777.95,"y":597.95,"r":0,"w":1,"h":1}]}]},{"v":[{"k":"time","v":55}],"l":[{"n":"Layer 1","i":[{"t":"ground","x":1054.95,"y":539.95,"r":0,"w":3.039337158203125,"h":1},{"t":"finish","x":1054.95,"y":444.95,"r":0,"w":1,"h":1},{"t":"hero","x":852.95,"y":383.95,"r":0,"w":1,"h":1},{"t":"ground","x":240,"y":358.95,"r":0,"w":4.428955078125,"h":0.9999847412109375},{"t":"MovingPlatform","x":851.95,"y":476.95,"r":0,"w":1.1210174560546875,"h":1,"tP":{"n":"p2","x":852.05,"y":198.1},"s":"100"},{"t":"ground","x":54,"y":320,"r":89.99744388340594,"w":2.0521697998046875,"h":1},{"t":"woodenBlock","x":216,"y":280,"r":0,"w":0.9670562744140625,"h":1},{"t":"ground","x":374.95,"y":324,"r":-89.99907805299563,"w":1.8965606689453125,"h":1},{"t":"hoist","x":292.95,"y":359.95,"r":180,"w":1,"h":1},{"t":"spring","x":292.95,"y":283,"r":-89.99825147157303,"w":1,"h":1},{"t":"woodenBlock","x":375.95,"y":180,"r":89.99702297727,"w":0.58734130859375,"h":1},{"t":"ground","x":845.95,"y":579.95,"r":-89.9967319313569,"w":1.6051025390625,"h":0.9999847412109375},{"t":"spring","x":375.95,"y":149,"r":-89.99825147157303,"w":1,"h":1},{"t":"ground","x":683.95,"y":579.95,"r":-89.99891140958132,"w":1.606231689453125,"h":1},{"t":"ground","x":767.95,"y":621.95,"r":0,"w":1.3928680419921875,"h":0.9999847412109375},{"t":"hoist","x":764.95,"y":620.95,"r":180,"w":1,"h":1}]},{"n":"Layer 13","i":[{"t":"tile_d_scale","x":767.95,"y":621.95,"r":0,"w":1.4567718505859375,"h":1},{"t":"tile_d_scale_l","x":845.95,"y":681.95,"r":-89.99825147157303,"w":1,"h":1},{"t":"tile_d_scale_r","x":845.95,"y":527.9,"r":-89.99825147157303,"w":1,"h":1},{"t":"tile_d_scale","x":845.95,"y":604.95,"r":-89.99895268876286,"w":1.6695404052734375,"h":1},{"t":"tile_d_scale_l","x":683.95,"y":681.95,"r":-89.99825147157303,"w":1,"h":1},{"t":"tile_d_scale_r","x":683.95,"y":527.9,"r":-89.99825147157303,"w":1,"h":1},{"t":"tile_d_scale","x":683.95,"y":604.95,"r":-89.99895268876286,"w":1.6695404052734375,"h":1},{"t":"tile_werevka3","x":1103.9,"y":599,"r":0,"w":1,"h":1},{"t":"tile_werevka3","x":153,"y":419,"r":0,"w":1,"h":1},{"t":"tile_werevka3","x":197,"y":395,"r":0,"w":1,"h":1},{"t":"tile_d_scale","x":114,"y":359.95,"r":0,"w":1,"h":1},{"t":"tile_d_scale","x":186.5,"y":359.95,"r":0,"w":1.09271240234375,"h":1},{"t":"tile_d_scale","x":286.95,"y":359.95,"r":0,"w":1.582763671875,"h":1},{"t":"tile_d_scale_l","x":374.95,"y":251,"r":89.99825147157303,"w":1,"h":1},{"t":"tile_d_scale","x":374.95,"y":329,"r":89.99897111955994,"w":1.6994476318359375,"h":1},{"t":"tile_d_scale_l","x":55,"y":252,"r":89.99825147157303,"w":1,"h":1},{"t":"tile_d_scale","x":55,"y":330,"r":89.99897111955994,"w":1.6994476318359375,"h":1},{"t":"tile_d_scale_r","x":374.95,"y":401,"r":89.99825147157303,"w":1,"h":1},{"t":"tile_d_scale_r","x":55,"y":402,"r":89.99825147157303,"w":1,"h":1},{"t":"tile_d_scale","x":998.45,"y":539.95,"r":0,"w":1.09271240234375,"h":1},{"t":"tile_d_scale_l","x":947.95,"y":539.95,"r":0,"w":1,"h":1},{"t":"tile_d_scale_r","x":1162.95,"y":539.95,"r":0,"w":1,"h":1},{"t":"tile_d_scale","x":1093.95,"y":539.95,"r":0,"w":1.614593505859375,"h":1},{"t":"tile_werevka2","x":684.95,"y":622.95,"r":0,"w":1,"h":1},{"t":"tile_werevka2","x":846.95,"y":622.95,"r":0,"w":1,"h":1},{"t":"tile_werevka2","x":374.95,"y":360.95,"r":0,"w":1,"h":1},{"t":"tile_werevka2","x":55,"y":360.95,"r":0,"w":1,"h":1},{"t":"tile_werevka1","x":1146.95,"y":542,"r":0,"w":1,"h":1},{"t":"tile_dirka2","x":983.95,"y":550.95,"r":0,"w":0.869415283203125,"h":0.7893524169921875},{"t":"tile_dirka1","x":170,"y":354,"r":-76.48529819337898,"w":0.998565673828125,"h":0.998565673828125},{"t":"tile_gvozd","x":788.95,"y":615.95,"r":0,"w":1,"h":1},{"t":"tile_gvozd","x":52,"y":278,"r":0,"w":1,"h":1}]}]},{"v":[{"k":"time","v":45}],"l":[{"n":"Layer 1","i":[{"t":"ground","x":311.95,"y":643.95,"r":0,"w":3.039337158203125,"h":1},{"t":"finish","x":311.95,"y":548.95,"r":0,"w":1,"h":1},{"t":"hero","x":582.95,"y":484.95,"r":0,"w":1,"h":1},{"t":"MovingPlatform","x":586.95,"y":194,"r":0,"w":1.7223663330078125,"h":1,"tP":{"n":"p1","x":1017.05,"y":200.1},"s":"100"},{"t":"ground","x":752.95,"y":573.95,"r":0,"w":7.920745849609375,"h":1},{"t":"evilBull","x":756.95,"y":485.95,"r":0,"w":1,"h":1},{"t":"hook","x":585.95,"y":195,"r":0,"w":1,"h":1},{"t":"ground","x":1001.95,"y":495.95,"r":0,"w":1.6199798583984375,"h":1},{"t":"woodenBlock","x":874.95,"y":491.95,"r":0,"w":0.5142822265625,"h":1},{"t":"spring","x":848.95,"y":492.95,"r":89.99475441473209,"w":1,"h":1},{"t":"spring","x":980.95,"y":495.95,"r":89.99475441473209,"w":1,"h":1}]},{"n":"Layer 15","i":[{"t":"tile_d_scale_r","x":1058,"y":493.95,"r":0,"w":1,"h":1},{"t":"tile_d_scale_l","x":948.95,"y":493.95,"r":0,"w":1,"h":1},{"t":"tile_d_scale","x":1002.2,"y":493.95,"r":0,"w":1.2243804931640625,"h":1},{"t":"tile_werevka3","x":968.95,"y":613,"r":0,"w":1,"h":1},{"t":"tile_werevka3","x":910.95,"y":631,"r":0,"w":1,"h":1},{"t":"tile_werevka3","x":722.95,"y":613,"r":0,"w":1,"h":1},{"t":"tile_werevka3","x":684.95,"y":605,"r":0,"w":1,"h":1},{"t":"tile_werevka3","x":528.95,"y":622,"r":0,"w":1,"h":1},{"t":"tile_d_scale_r","x":428,"y":643.95,"r":0,"w":1,"h":1},{"t":"tile_d_scale_l","x":196,"y":643.95,"r":0,"w":1,"h":1},{"t":"tile_d_scale","x":253.5,"y":643.95,"r":0,"w":1.14569091796875,"h":1},{"t":"tile_d_scale","x":349.95,"y":643.95,"r":0,"w":1.6953582763671875,"h":1},{"t":"tile_d_scale_r","x":1057,"y":572.95,"r":0,"w":1,"h":1},{"t":"tile_d_scale_l","x":448.95,"y":572.95,"r":0,"w":1,"h":1},{"t":"tile_d_scale","x":500.95,"y":572.95,"r":0,"w":1,"h":1},{"t":"tile_d_scale","x":569.95,"y":572.95,"r":0,"w":1.1854248046875,"h":1},{"t":"tile_d_scale","x":657.15,"y":572.95,"r":0,"w":1.1377410888671875,"h":1},{"t":"tile_d_scale","x":727.95,"y":572.95,"r":0,"w":1,"h":1},{"t":"tile_d_scale","x":807.45,"y":572.95,"r":0,"w":1.11920166015625,"h":1},{"t":"tile_d_scale","x":878.95,"y":572.95,"r":0,"w":1,"h":1},{"t":"tile_d_scale","x":981.95,"y":572.95,"r":0,"w":1.7416839599609375,"h":1},{"t":"tile_werevka1","x":482,"y":573,"r":0,"w":1,"h":1},{"t":"tile_werevka1","x":772,"y":573,"r":0,"w":1,"h":1},{"t":"tile_werevka1","x":1037,"y":573,"r":0,"w":1,"h":1},{"t":"tile_werevka1","x":239.05,"y":644,"r":0,"w":1,"h":1},{"t":"tile_dirka1","x":367.95,"y":638.95,"r":82.74290744574469,"w":0.99920654296875,"h":0.99920654296875},{"t":"tile_dirka1","x":889.95,"y":588.95,"r":93.51174055467231,"w":0.84173583984375,"h":0.84173583984375},{"t":"tile_gvozd","x":712.95,"y":571.95,"r":0,"w":1,"h":1},{"t":"tile_gvozd","x":551.95,"y":595.95,"r":0,"w":1,"h":1}]}]},{"v":[{"k":"time","v":70}],"l":[{"n":"Layer 1","i":[{"t":"ground","x":337.95,"y":662.95,"r":0,"w":3.0564117431640625,"h":1},{"t":"finish","x":336.95,"y":567.95,"r":0,"w":1,"h":1},{"t":"hero","x":947.95,"y":331,"r":0,"w":1,"h":1},{"t":"ground","x":885.95,"y":423.95,"r":0,"w":2.87432861328125,"h":1},{"t":"ground","x":725.95,"y":503.95,"r":0,"w":1.15130615234375,"h":1},{"t":"woodenBlock","x":725.95,"y":424.95,"r":0,"w":0.3714599609375,"h":1},{"t":"ground","x":1038.95,"y":376.95,"r":-89.99917245084517,"w":2.1128997802734375,"h":1},{"t":"spring","x":1039.95,"y":342,"r":89.99912573578631,"w":1,"h":1},{"t":"MovingPlatform","x":640.95,"y":373.95,"r":-89.99888982106965,"w":1.5749969482421875,"h":1,"tP":{"n":"p1","x":641.05,"y":612.05},"s":"100"},{"t":"hoist","x":725.95,"y":426.95,"r":0,"w":1,"h":1},{"t":"ground","x":923.95,"y":248,"r":0,"w":3.9375152587890625,"h":1},{"t":"spring","x":808.95,"y":247,"r":89.99912573578631,"w":1,"h":1},{"t":"ground","x":238,"y":387.95,"r":89.99919398970009,"w":3.2540435791015625,"h":1},{"t":"MovingPlatform","x":340.95,"y":172,"r":180,"w":1.5749969482421875,"h":1,"tP":{"n":"p2","x":343.05,"y":358.05},"s":"200"},{"t":"ground","x":444.95,"y":450.95,"r":-89.99895412258465,"w":1.6718292236328125,"h":1}]},{"n":"Layer 17","i":[{"t":"tile_d_scale","x":727.95,"y":503.95,"r":0,"w":0.5894012451171875,"h":1},{"t":"tile_d_scale_l","x":691.95,"y":503.95,"r":0,"w":1,"h":1},{"t":"tile_d_scale_r","x":760,"y":503.95,"r":0,"w":1,"h":1},{"t":"tile_d_scale","x":443.95,"y":448.95,"r":-89.99825147157303,"w":1,"h":1},{"t":"tile_d_scale_l","x":443.95,"y":500.95,"r":-89.99825147157303,"w":1,"h":1},{"t":"tile_d_scale_r","x":443.95,"y":396.9,"r":-89.99825147157303,"w":1,"h":1},{"t":"tile_d_scale","x":238,"y":323,"r":89.99825147157303,"w":1,"h":1},{"t":"tile_d_scale_l","x":238,"y":271,"r":89.99825147157303,"w":1,"h":1},{"t":"tile_d_scale_r","x":238,"y":501,"r":89.99825147157303,"w":1,"h":1},{"t":"tile_d_scale","x":238,"y":423.95,"r":89.99902581393023,"w":1.79486083984375,"h":1},{"t":"tile_d_scale","x":394.95,"y":662.95,"r":0,"w":1,"h":1},{"t":"tile_d_scale_l","x":229,"y":662.95,"r":0,"w":1,"h":1},{"t":"tile_d_scale_r","x":447,"y":662.95,"r":0,"w":1,"h":1},{"t":"tile_d_scale","x":303.95,"y":662.95,"r":0,"w":1.618133544921875,"h":1},{"t":"tile_werevka3","x":1006.95,"y":489,"r":0,"w":1,"h":1},{"t":"tile_werevka3","x":939.95,"y":466,"r":0,"w":1,"h":1},{"t":"tile_werevka3","x":848.95,"y":479,"r":0,"w":1,"h":1},{"t":"tile_d_scale","x":1039.95,"y":337,"r":-89.9989956918579,"w":1.74102783203125,"h":1},{"t":"tile_d_scale","x":833.95,"y":422.95,"r":0,"w":1,"h":1},{"t":"tile_d_scale_l","x":781.95,"y":422.95,"r":0,"w":1,"h":1},{"t":"tile_d_scale_r","x":1110.95,"y":422.95,"r":0,"w":1,"h":1},{"t":"tile_d_scale","x":905.95,"y":422.95,"r":0,"w":1.10595703125,"h":1},{"t":"tile_d_scale","x":984.95,"y":422.95,"r":0,"w":1,"h":1},{"t":"tile_d_scale","x":1059.7,"y":422.95,"r":0,"w":1.033111572265625,"h":1},{"t":"tile_d_scale","x":836.95,"y":247,"r":0,"w":1.1324462890625,"h":1},{"t":"tile_d_scale_l","x":779.95,"y":247,"r":0,"w":1,"h":1},{"t":"tile_d_scale_r","x":1108.95,"y":247,"r":0,"w":1,"h":1},{"t":"tile_d_scale","x":907.95,"y":247,"r":0,"w":1,"h":1},{"t":"tile_d_scale","x":986.95,"y":247,"r":0,"w":1.10595703125,"h":1},{"t":"tile_d_scale","x":1058.95,"y":247,"r":0,"w":1,"h":1},{"t":"tile_werevka2","x":1040.95,"y":422.95,"r":0,"w":1,"h":1},{"t":"tile_werevka2","x":1039.95,"y":247,"r":0,"w":1,"h":1},{"t":"tile_werevka1","x":235.95,"y":301.05,"r":89.99825147157303,"w":1,"h":1},{"t":"tile_werevka1","x":236.95,"y":481,"r":89.99825147157303,"w":1,"h":1},{"t":"tile_werevka1","x":445,"y":456.9,"r":-89.99825147157303,"w":1,"h":1},{"t":"tile_werevka1","x":283.05,"y":663,"r":0,"w":1,"h":1},{"t":"tile_dirka2","x":401.95,"y":657.95,"r":0,"w":1,"h":0.7903594970703125},{"t":"tile_dirka1","x":254,"y":370.95,"r":8.26960196354178,"w":0.8951873779296875,"h":0.8951873779296875},{"t":"tile_dirka1","x":934.95,"y":237,"r":-81.7315210507598,"w":0.685333251953125,"h":0.6723785400390625},{"t":"tile_gvozd","x":745.95,"y":514.95,"r":0,"w":1,"h":1},{"t":"tile_gvozd","x":250,"y":675.95,"r":0,"w":1,"h":1},{"t":"tile_gvozd","x":808.95,"y":408.95,"r":0,"w":1,"h":1}]}]},{"v":[{"k":"time","v":60}],"l":[{"n":"Layer 1","i":[{"t":"ground","x":540.95,"y":611.95,"r":0,"w":2.99871826171875,"h":1},{"t":"finish","x":541.95,"y":517.95,"r":0,"w":1,"h":1},{"t":"hero","x":313.95,"y":350,"r":0,"w":1,"h":1},{"t":"ground","x":313.95,"y":510.95,"r":89.99818877210481,"w":2.896148681640625,"h":1},{"t":"ground","x":233,"y":331,"r":89.99730687829835,"w":2.27239990234375,"h":1},{"t":"spring","x":234,"y":291,"r":-89.99825147157303,"w":1,"h":1},{"t":"MovingPlatform","x":562.55,"y":211,"r":0,"w":1.4000091552734375,"h":1,"tP":{"n":"p1","x":853.45,"y":211.9},"s":"100"},{"t":"hoist","x":563.55,"y":212,"r":0,"w":1,"h":1},{"t":"hoist","x":311.95,"y":436.95,"r":180,"w":1,"h":1}]},{"n":"Layer 19","i":[{"t":"tile_d_scale_l","x":234,"y":253,"r":89.99825147157303,"w":1,"h":1},{"t":"tile_d_scale","x":234,"y":336,"r":89.99806123695794,"w":1.8037567138671875,"h":1},{"t":"tile_werevka3","x":566.95,"y":669,"r":0,"w":1,"h":1},{"t":"tile_werevka3","x":511.95,"y":651,"r":0,"w":1,"h":1},{"t":"tile_d_scale_r","x":651,"y":611.95,"r":0,"w":1,"h":1},{"t":"tile_d_scale_l","x":432.95,"y":611.95,"r":0,"w":1,"h":1},{"t":"tile_d_scale","x":455.95,"y":611.95,"r":0,"w":0.537750244140625,"h":1},{"t":"tile_d_scale","x":513.95,"y":611.95,"r":0,"w":1,"h":1},{"t":"tile_d_scale","x":593.95,"y":611.95,"r":0,"w":1.2384033203125,"h":1},{"t":"tile_werevka1","x":619,"y":613,"r":0,"w":1,"h":1},{"t":"tile_werevka1","x":449,"y":613,"r":0,"w":1,"h":1},{"t":"tile_dirka1","x":507.95,"y":621.95,"r":98.77084730326291,"w":0.998992919921875,"h":0.998992919921875},{"t":"tile_d_scale_r","x":234,"y":409,"r":89.99475441473209,"w":1,"h":1},{"t":"tile_d_scale_l","x":313.95,"y":404.95,"r":89.99825147157303,"w":1,"h":1},{"t":"tile_d_scale","x":313.95,"y":514.95,"r":89.99895841637014,"w":2.5180816650390625,"h":1},{"t":"tile_d_scale_r","x":313.95,"y":615,"r":89.99475441473209,"w":1,"h":1},{"t":"tile_werevka1","x":312.9,"y":597,"r":89.99475441473209,"w":1,"h":1},{"t":"tile_gvozd","x":313.95,"y":538.95,"r":0,"w":1,"h":1},{"t":"tile_gvozd","x":233,"y":363.95,"r":0,"w":1,"h":1},{"t":"tile_werevka1","x":229.95,"y":400,"r":89.99475441473209,"w":1,"h":1}]}]},{"v":[{"k":"time","v":130}],"l":[{"n":"Layer 1","i":[{"t":"ground","x":926.95,"y":442.95,"r":0,"w":3.039337158203125,"h":1},{"t":"finish","x":929.95,"y":348,"r":0,"w":1,"h":1},{"t":"hero","x":251,"y":527.95,"r":0,"w":1,"h":1},{"t":"MovingPlatform","x":544.95,"y":289,"r":0,"w":2.5179901123046875,"h":1,"tP":{"n":"p1","x":545.05,"y":639.05},"s":"100"},{"t":"ground","x":286.95,"y":613.95,"r":0,"w":3.9704437255859375,"h":1},{"t":"ground","x":168,"y":536.95,"r":0,"w":0.941070556640625,"h":1},{"t":"spring","x":164,"y":537.95,"r":-89.99912573578631,"w":1,"h":1},{"t":"hoist","x":601.95,"y":290,"r":180,"w":1,"h":1},{"t":"ground","x":286.95,"y":370.95,"r":0,"w":3.9704437255859375,"h":1},{"t":"ground","x":171,"y":239,"r":89.9992812737381,"w":2.4328155517578125,"h":1},{"t":"hook","x":172,"y":209,"r":-89.99912573578631,"w":1,"h":1},{"t":"woodenBlock","x":318.95,"y":290,"r":0,"w":0.8719024658203125,"h":1},{"t":"hoist","x":254,"y":371.95,"r":180,"w":1,"h":1},{"t":"spring","x":379.95,"y":291,"r":180,"w":1,"h":1},{"t":"ground","x":1086.95,"y":311,"r":-89.99917554098124,"w":4.24163818359375,"h":1}]},{"n":"Layer 21","i":[{"t":"tile_d_scale","x":230,"y":370.95,"r":0,"w":1,"h":1},{"t":"tile_d_scale_l","x":171,"y":154,"r":89.99912573578631,"w":1,"h":1},{"t":"tile_d_scale","x":171,"y":206,"r":89.99912573578631,"w":1,"h":1},{"t":"tile_d_scale","x":171,"y":281,"r":89.99912573578631,"w":1,"h":1},{"t":"tile_d_scale","x":171,"y":355,"r":89.99912573578631,"w":1,"h":1},{"t":"tile_d_scale_r","x":171.05,"y":407,"r":89.99912573578631,"w":1,"h":1},{"t":"tile_d_scale","x":304.95,"y":614.95,"r":0,"w":1,"h":1},{"t":"tile_d_scale","x":378.95,"y":614.95,"r":0,"w":1,"h":1},{"t":"tile_d_scale_r","x":431,"y":614.95,"r":0,"w":1,"h":1},{"t":"tile_d_scale","x":230,"y":614.95,"r":0,"w":1,"h":1},{"t":"tile_d_scale_r","x":165,"y":659,"r":89.99912573578631,"w":1,"h":1},{"t":"tile_d_scale","x":165,"y":584.8,"r":89.9961819358659,"w":1.83184814453125,"h":1},{"t":"tile_d_scale_l","x":165,"y":506.95,"r":89.99912573578631,"w":1,"h":1},{"t":"tile_werevka3","x":388.95,"y":421,"r":0,"w":1,"h":1},{"t":"tile_werevka3","x":351.95,"y":400,"r":0,"w":1,"h":1},{"t":"tile_d_scale","x":304.95,"y":369.95,"r":0,"w":1,"h":1},{"t":"tile_d_scale","x":378.95,"y":369.95,"r":0,"w":1,"h":1},{"t":"tile_d_scale_r","x":431,"y":369.95,"r":0,"w":1,"h":1},{"t":"tile_werevka3","x":895.95,"y":496,"r":0,"w":1,"h":1},{"t":"tile_werevka3","x":947.95,"y":485,"r":0,"w":1,"h":1},{"t":"tile_d_scale_l","x":817.95,"y":441.95,"r":0,"w":1,"h":1},{"t":"tile_d_scale","x":869.95,"y":441.95,"r":0,"w":1,"h":1},{"t":"tile_d_scale_r","x":1086.95,"y":154.95,"r":-89.99912573578631,"w":1,"h":1},{"t":"tile_d_scale","x":1086.95,"y":207,"r":-89.99912573578631,"w":1,"h":1},{"t":"tile_d_scale","x":944.95,"y":441.95,"r":0,"w":1,"h":1},{"t":"tile_d_scale","x":1019.95,"y":441.95,"r":0,"w":1,"h":1},{"t":"tile_d_scale","x":1086.95,"y":283,"r":-89.99912573578631,"w":1,"h":1},{"t":"tile_d_scale","x":1086.95,"y":357.95,"r":-89.99912573578631,"w":1,"h":1},{"t":"tile_d_scale","x":1086.95,"y":437.95,"r":-89.9954551206193,"w":1.1541748046875,"h":1},{"t":"tile_d_scale_l","x":1086.95,"y":492.95,"r":-89.99912573578631,"w":1,"h":1},{"t":"tile_werevka2","x":1086.95,"y":441.95,"r":0,"w":1,"h":1},{"t":"tile_werevka2","x":171,"y":368.95,"r":0,"w":1,"h":1},{"t":"tile_werevka2","x":165,"y":616.95,"r":0,"w":1,"h":1},{"t":"tile_werevka1","x":1089,"y":236.95,"r":-89.99912573578631,"w":1,"h":1},{"t":"tile_werevka1","x":403,"y":372,"r":0,"w":1,"h":1},{"t":"tile_werevka1","x":361,"y":615,"r":0,"w":1,"h":1},{"t":"tile_werevka1","x":836,"y":443,"r":0,"w":1,"h":1},{"t":"tile_dirka2","x":1095.95,"y":180,"r":-43.11833524233628,"w":0.7889556884765625,"h":0.7889556884765625},{"t":"tile_dirka1","x":262,"y":634.95,"r":87.74833469972707,"w":0.8416290283203125,"h":0.8416290283203125},{"t":"tile_gvozd","x":1113.9,"y":343,"r":0,"w":1,"h":1},{"t":"tile_gvozd","x":994.95,"y":467.95,"r":0,"w":1,"h":1},{"t":"tile_gvozd","x":417.95,"y":631.95,"r":0,"w":1,"h":1},{"t":"tile_gvozd","x":143,"y":521.95,"r":0,"w":1,"h":1}]}]},{"v":[{"k":"time","v":75}],"l":[{"n":"Layer 1","i":[{"t":"ground","x":300,"y":564.95,"r":0,"w":3.039337158203125,"h":1},{"t":"finish","x":300,"y":469.95,"r":0,"w":1,"h":1},{"t":"hero","x":309,"y":174,"r":0,"w":1,"h":1},{"t":"MovingPlatform","x":677.95,"y":399.95,"r":0,"w":1.469512939453125,"h":1,"tP":{"n":"p1","x":678.05,"y":574.05},"s":"100"},{"t":"ground","x":576.95,"y":525.75,"r":89.99840663590483,"w":2.19476318359375,"h":1},{"t":"evilBull","x":677.95,"y":319,"r":0,"w":1,"h":1},{"t":"ground","x":883.95,"y":569.95,"r":0,"w":3.701324462890625,"h":1},{"t":"woodenBlock","x":872.95,"y":322,"r":0,"w":0.57763671875,"h":1},{"t":"spring","x":841.95,"y":325,"r":89.99825147157303,"w":1,"h":1},{"t":"ground","x":843.95,"y":402.95,"r":0,"w":2.6887664794921875,"h":1},{"t":"ground","x":1070.95,"y":444.95,"r":-89.99915925105455,"w":4.159454345703125,"h":1},{"t":"woodenBlock","x":991.95,"y":449.95,"r":-89.9987213902947,"w":0.6837615966796875,"h":1},{"t":"hoist","x":989.95,"y":406.95,"r":89.99825147157303,"w":1,"h":1},{"t":"hoist","x":991.95,"y":570.95,"r":180,"w":1,"h":1},{"t":"ground","x":925.95,"y":244,"r":0,"w":4.7260894775390625,"h":1},{"t":"ground","x":785.95,"y":164,"r":0,"w":1.2084808349609375,"h":1},{"t":"hook","x":990.95,"y":488.95,"r":89.99475441473209,"w":1,"h":1},{"t":"ground","x":140,"y":479.95,"r":89.9983355781751,"w":3.1515960693359375,"h":1},{"t":"ground","x":302,"y":262,"r":0,"w":1.2477874755859375,"h":1},{"t":"hook","x":779.95,"y":166,"r":89.99475441473209,"w":1,"h":1}]},{"n":"Layer 23","i":[{"t":"tile_d_scale","x":304,"y":262,"r":0,"w":0.7094573974609375,"h":1},{"t":"tile_d_scale_l","x":263,"y":262,"r":0,"w":1,"h":1},{"t":"tile_d_scale_r","x":341,"y":262,"r":0,"w":1,"h":1},{"t":"tile_d_scale","x":778.95,"y":188,"r":-89.99825147157303,"w":1,"h":1},{"t":"tile_d_scale_r","x":778.95,"y":135.95,"r":-89.99825147157303,"w":1,"h":1},{"t":"tile_d_scale_l","x":748.95,"y":241,"r":0,"w":1,"h":1},{"t":"tile_d_scale","x":980.95,"y":241,"r":0,"w":1,"h":1},{"t":"tile_d_scale","x":909.95,"y":241,"r":0,"w":1,"h":1},{"t":"tile_d_scale","x":817.95,"y":241,"r":0,"w":1.54302978515625,"h":1},{"t":"tile_d_scale","x":799.95,"y":402.95,"r":0,"w":1,"h":1},{"t":"tile_d_scale_l","x":747.95,"y":402.95,"r":0,"w":1,"h":1},{"t":"tile_d_scale_r","x":942,"y":402.95,"r":0,"w":1,"h":1},{"t":"tile_d_scale","x":884.95,"y":402.95,"r":0,"w":1.2516632080078125,"h":1},{"t":"tile_d_scale_l","x":576.95,"y":450.95,"r":89.99825147157303,"w":1,"h":1},{"t":"tile_d_scale","x":576.95,"y":501.95,"r":89.99825147157303,"w":1,"h":1},{"t":"tile_d_scale","x":576.95,"y":567.95,"r":89.99881052586716,"w":0.7350006103515625,"h":1},{"t":"tile_d_scale_r","x":576.95,"y":602,"r":89.99825147157303,"w":1,"h":1},{"t":"tile_werevka3","x":832.95,"y":611,"r":0,"w":1,"h":1},{"t":"tile_werevka3","x":321.95,"y":618,"r":0,"w":1,"h":1},{"t":"tile_werevka3","x":282,"y":595,"r":0,"w":1,"h":1},{"t":"tile_d_scale","x":1070.95,"y":313,"r":-89.99825147157303,"w":1,"h":1},{"t":"tile_d_scale","x":1070.95,"y":388.95,"r":-89.99825147157303,"w":1,"h":1},{"t":"tile_d_scale","x":1070.95,"y":484.95,"r":-89.99887646522266,"w":1.5562744140625,"h":1},{"t":"tile_d_scale","x":1055.95,"y":568.95,"r":0,"w":1,"h":1},{"t":"tile_d_scale_l","x":748.95,"y":568.95,"r":0,"w":1,"h":1},{"t":"tile_d_scale_r","x":1107.95,"y":568.95,"r":0,"w":1,"h":1},{"t":"tile_d_scale","x":980.95,"y":568.95,"r":0,"w":1,"h":1},{"t":"tile_d_scale","x":909.95,"y":568.95,"r":0,"w":1,"h":1},{"t":"tile_d_scale","x":817.95,"y":568.95,"r":0,"w":1.54302978515625,"h":1},{"t":"tile_d_scale","x":1055.95,"y":241,"r":0,"w":1,"h":1},{"t":"tile_d_scale_r","x":1107.95,"y":241,"r":0,"w":1,"h":1},{"t":"tile_d_scale","x":140,"y":416.95,"r":89.99825147157303,"w":1,"h":1},{"t":"tile_d_scale_l","x":140,"y":364.95,"r":89.99825147157303,"w":1,"h":1},{"t":"tile_d_scale","x":140,"y":491.95,"r":89.99825147157303,"w":1,"h":1},{"t":"tile_d_scale","x":355.95,"y":564.95,"r":0,"w":1,"h":1},{"t":"tile_d_scale_l","x":99,"y":564.95,"r":0,"w":1,"h":1},{"t":"tile_d_scale_r","x":408,"y":564.95,"r":0,"w":1,"h":1},{"t":"tile_d_scale","x":281,"y":564.95,"r":0,"w":1,"h":1},{"t":"tile_d_scale","x":211,"y":564.95,"r":0,"w":1,"h":1},{"t":"tile_d_scale","x":145,"y":564.95,"r":0,"w":0.82684326171875,"h":1},{"t":"tile_werevka2","x":1069.95,"y":568.95,"r":0,"w":1,"h":1},{"t":"tile_werevka2","x":1069.95,"y":242,"r":0,"w":1,"h":1},{"t":"tile_werevka2","x":782.95,"y":241,"r":0,"w":1,"h":1},{"t":"tile_werevka2","x":140,"y":565.95,"r":0,"w":1,"h":1},{"t":"tile_werevka1","x":780,"y":570,"r":0,"w":1,"h":1},{"t":"tile_werevka1","x":577.9,"y":553,"r":89.99825147157303,"w":1,"h":1},{"t":"tile_werevka1","x":139.95,"y":386,"r":89.99825147157303,"w":1,"h":1},{"t":"tile_dirka1","x":1073.95,"y":363.95,"r":12.522350573460471,"w":0.9986419677734375,"h":0.9986419677734375},{"t":"tile_dirka1","x":347.95,"y":562.95,"r":83.48971399667865,"w":1.004119873046875,"h":1.004119873046875},{"t":"tile_dirka2","x":568.95,"y":464.95,"r":-26.811472726925864,"w":0.8092041015625,"h":0.8092041015625},{"t":"tile_gvozd","x":793.95,"y":394.95,"r":0,"w":1,"h":1},{"t":"tile_gvozd","x":937.95,"y":585.95,"r":0,"w":1,"h":1},{"t":"tile_gvozd","x":1017.95,"y":228,"r":0,"w":1,"h":1},{"t":"tile_gvozd","x":285,"y":266,"r":0,"w":1,"h":1}]}]},{"v":[{"k":"time","v":125}],"l":[{"n":"Layer 1","i":[{"t":"ground","x":961.95,"y":646.95,"r":0,"w":3.0564117431640625,"h":1},{"t":"finish","x":960.95,"y":551.95,"r":0,"w":1,"h":1},{"t":"hero","x":767.95,"y":322,"r":0,"w":1,"h":1},{"t":"ground","x":221,"y":454.95,"r":0,"w":2.561492919921875,"h":1},{"t":"MovingPlatform","x":386.95,"y":244,"r":0,"w":1.426361083984375,"h":1,"tP":{"n":"p9","x":387.05,"y":560.05},"s":"100"},{"t":"ground","x":160,"y":307,"r":89.99818139427735,"w":2.8843994140625,"h":1},{"t":"spring","x":159,"y":378.95,"r":-89.99825147157303,"w":1,"h":1},{"t":"woodenBlock","x":257,"y":378.95,"r":0,"w":0.4754180908203125,"h":1},{"t":"ground","x":688.95,"y":150,"r":0,"w":3.1076507568359375,"h":1},{"t":"ground","x":484.95,"y":468.95,"r":-89.9981419694145,"w":2.8231964111328125,"h":1},{"t":"ground","x":521.95,"y":336,"r":180,"w":1.897613525390625,"h":1},{"t":"spring","x":274,"y":378.95,"r":-89.99825147157303,"w":1,"h":1},{"t":"ground","x":223,"y":164,"r":0,"w":2.6563262939453125,"h":1},{"t":"spring","x":403.95,"y":243,"r":-89.99825147157303,"w":1,"h":1},{"t":"ground","x":282,"y":505.95,"r":-89.99731748773486,"w":1.955474853515625,"h":1},{"t":"spring","x":288.95,"y":166,"r":-89.99825147157303,"w":1,"h":1},{"t":"ground","x":671.95,"y":413.95,"r":0,"w":3.7238616943359375,"h":1},{"t":"MovingPlatform","x":1064.95,"y":167,"r":-89.99938706669472,"w":1.426361083984375,"h":1,"tP":{"n":"p8","x":1065.05,"y":418.05},"s":"100"}]},{"n":"Layer 25","i":[{"t":"tile_d_scale_r","x":485.95,"y":571,"r":89.99825147157303,"w":1,"h":1},{"t":"tile_d_scale","x":485.95,"y":519.95,"r":89.99825147157303,"w":1,"h":1},{"t":"tile_d_scale_r","x":801,"y":150,"r":0,"w":1,"h":1},{"t":"tile_d_scale_l","x":577.95,"y":150,"r":0,"w":1,"h":1},{"t":"tile_d_scale","x":633.45,"y":150,"r":0,"w":1.17218017578125,"h":1},{"t":"tile_d_scale","x":729.95,"y":150,"r":0,"w":1.7205047607421875,"h":1},{"t":"tile_d_scale_r","x":1072,"y":646.95,"r":0,"w":1,"h":1},{"t":"tile_d_scale_l","x":848.95,"y":646.95,"r":0,"w":1,"h":1},{"t":"tile_d_scale","x":905.95,"y":646.95,"r":0,"w":1.2119140625,"h":1},{"t":"tile_d_scale","x":1000.95,"y":646.95,"r":0,"w":1.72052001953125,"h":1},{"t":"tile_werevka1","x":1035,"y":646,"r":0,"w":1,"h":1},{"t":"tile_werevka1","x":765,"y":149.05,"r":0,"w":1,"h":1},{"t":"tile_werevka3","x":701.95,"y":454,"r":0,"w":1,"h":1},{"t":"tile_werevka3","x":614.95,"y":473,"r":0,"w":1,"h":1},{"t":"tile_werevka3","x":188,"y":504,"r":0,"w":1,"h":1},{"t":"tile_d_scale","x":161,"y":233,"r":89.99825147157303,"w":1,"h":1},{"t":"tile_d_scale","x":161,"y":308,"r":89.99823542409932,"w":0.99090576171875,"h":1},{"t":"tile_d_scale","x":160,"y":386.95,"r":89.99921121479792,"w":1.108367919921875,"h":1},{"t":"tile_d_scale_r","x":317,"y":164,"r":0,"w":1,"h":1},{"t":"tile_d_scale_l","x":123,"y":164,"r":0,"w":1,"h":1},{"t":"tile_d_scale","x":175,"y":164,"r":0,"w":1,"h":1},{"t":"tile_d_scale","x":254.45,"y":164,"r":0,"w":1.2831268310546875,"h":1},{"t":"tile_d_scale_r","x":283,"y":572,"r":89.99825147157303,"w":1,"h":1},{"t":"tile_d_scale","x":283,"y":520.95,"r":89.99825147157303,"w":1,"h":1},{"t":"tile_d_scale_r","x":313,"y":454.95,"r":0,"w":1,"h":1},{"t":"tile_d_scale_l","x":119,"y":454.95,"r":0,"w":1,"h":1},{"t":"tile_d_scale","x":171,"y":454.95,"r":0,"w":1,"h":1},{"t":"tile_d_scale","x":249.8,"y":454.95,"r":0,"w":1.3004608154296875,"h":1},{"t":"tile_d_scale_r","x":809,"y":411.95,"r":0,"w":1,"h":1},{"t":"tile_d_scale","x":757.95,"y":411.95,"r":0,"w":1,"h":1},{"t":"tile_d_scale","x":682.95,"y":411.95,"r":0,"w":1,"h":1},{"t":"tile_d_scale","x":612.95,"y":411.95,"r":0,"w":1,"h":1},{"t":"tile_d_scale","x":538.95,"y":411.95,"r":0,"w":1,"h":1},{"t":"tile_d_scale","x":486.95,"y":424.95,"r":89.99884651756513,"w":1.515869140625,"h":1},{"t":"tile_d_scale_r","x":587,"y":335,"r":0,"w":1,"h":1},{"t":"tile_d_scale_l","x":454.95,"y":335,"r":0,"w":1,"h":1},{"t":"tile_d_scale","x":522.95,"y":335,"r":0,"w":1.5006866455078125,"h":1},{"t":"tile_werevka1","x":765,"y":413,"r":0,"w":1,"h":1},{"t":"tile_werevka1","x":486.9,"y":546,"r":89.99825147157303,"w":1,"h":1},{"t":"tile_werevka2","x":487.95,"y":416.95,"r":0,"w":1,"h":1},{"t":"tile_werevka2","x":161,"y":455.95,"r":0,"w":1,"h":1},{"t":"tile_werevka2","x":161,"y":165,"r":0,"w":1,"h":1},{"t":"tile_werevka1","x":873,"y":647,"r":0,"w":1,"h":1},{"t":"tile_dirka2","x":615.95,"y":158,"r":0,"w":1,"h":1},{"t":"tile_dirka1","x":500.95,"y":350,"r":-74.73189432921653,"w":0.7321319580078125,"h":0.7135009765625},{"t":"tile_gvozd","x":561.95,"y":424.95,"r":0,"w":1,"h":1},{"t":"tile_gvozd","x":273,"y":546.95,"r":0,"w":1,"h":1},{"t":"tile_gvozd","x":1008.95,"y":663.95,"r":0,"w":1,"h":1}]}]},{"v":[{"k":"time","v":110}],"l":[{"n":"Layer 1","i":[{"t":"ground","x":263,"y":666.95,"r":0,"w":3.0564117431640625,"h":1},{"t":"finish","x":262,"y":571.95,"r":0,"w":1,"h":1},{"t":"hero","x":714.95,"y":509.95,"r":0,"w":1,"h":1},{"t":"ground","x":980.95,"y":421.95,"r":-89.99924425194104,"w":3.470458984375,"h":1},{"t":"evilBull","x":548.95,"y":511.95,"r":0,"w":1,"h":1},{"t":"ground","x":763.95,"y":597.95,"r":0,"w":6.4991607666015625,"h":1},{"t":"woodenBlock","x":850.95,"y":516.95,"r":0,"w":0.73895263671875,"h":1},{"t":"hoist","x":903.95,"y":515.95,"r":-89.99912573578631,"w":1,"h":1},{"t":"hoist","x":981.95,"y":515.95,"r":89.99912573578631,"w":1,"h":1},{"t":"ground","x":482.95,"y":323,"r":0,"w":2.1737518310546875,"h":1},{"t":"ground","x":439.95,"y":200,"r":89.99723120896711,"w":2.210296630859375,"h":0.9999847412109375},{"t":"spring","x":800.95,"y":515.95,"r":89.99912573578631,"w":1,"h":1},{"t":"hoist","x":441.95,"y":247,"r":-89.99912573578631,"w":1,"h":1},{"t":"hook","x":441.95,"y":162,"r":-89.99912573578631,"w":1,"h":1},{"t":"ground","x":861.95,"y":323,"r":0,"w":4.0260772705078125,"h":1},{"t":"woodenBlock","x":741.95,"y":244,"r":0,"w":0.32244873046875,"h":1},{"t":"hoist","x":741.95,"y":322,"r":180,"w":1,"h":1}]},{"n":"Layer 5","i":[{"t":"tile_d_scale_r","x":372,"y":666.95,"r":0,"w":1,"h":1},{"t":"tile_d_scale","x":319.95,"y":666.95,"r":0,"w":1,"h":1},{"t":"tile_d_scale","x":222,"y":666.95,"r":0,"w":1.5960235595703125,"h":1},{"t":"tile_d_scale_l","x":153,"y":666.95,"r":0,"w":1,"h":1},{"t":"tile_d_scale","x":439.95,"y":174,"r":89.99912573578631,"w":1,"h":1},{"t":"tile_d_scale_l","x":439.95,"y":122,"r":89.99912573578631,"w":1,"h":1},{"t":"tile_werevka3","x":877.95,"y":652,"r":0,"w":1,"h":1},{"t":"tile_werevka3","x":935.95,"y":638,"r":-20.033235754721233,"w":0.9968414306640625,"h":0.9968414306640625},{"t":"tile_d_scale","x":980.95,"y":388.95,"r":-89.99912573578631,"w":1,"h":1},{"t":"tile_d_scale","x":980.95,"y":467.95,"r":-89.99920949531582,"w":1.10595703125,"h":1},{"t":"tile_d_scale","x":980.95,"y":539.95,"r":-89.99912573578631,"w":1,"h":1},{"t":"tile_d_scale_r","x":1021,"y":323,"r":0,"w":1,"h":1},{"t":"tile_d_scale","x":968.95,"y":323,"r":0,"w":1,"h":1},{"t":"tile_d_scale","x":893.95,"y":323,"r":0,"w":1,"h":1},{"t":"tile_d_scale","x":787.95,"y":323,"r":0,"w":1.80859375,"h":1},{"t":"tile_d_scale_l","x":711.95,"y":322,"r":0,"w":1,"h":1},{"t":"tile_d_scale_r","x":1017,"y":597.95,"r":0,"w":1,"h":1},{"t":"tile_d_scale","x":964.95,"y":597.95,"r":0,"w":1,"h":1},{"t":"tile_d_scale","x":889.95,"y":597.95,"r":0,"w":1,"h":1},{"t":"tile_d_scale","x":788.85,"y":597.95,"r":0,"w":1.96429443359375,"h":1},{"t":"tile_d_scale_l","x":517.95,"y":597.95,"r":0,"w":1,"h":1},{"t":"tile_d_scale","x":681.95,"y":597.95,"r":0,"w":1,"h":1},{"t":"tile_d_scale","x":587.95,"y":597.95,"r":0,"w":1.48809814453125,"h":1},{"t":"tile_werevka3","x":445.95,"y":363,"r":0,"w":1,"h":1},{"t":"tile_werevka3","x":486.95,"y":354.05,"r":0,"w":1,"h":1},{"t":"tile_d_scale","x":439.95,"y":253,"r":89.99599962441037,"w":1.0927276611328125,"h":1},{"t":"tile_d_scale","x":482.95,"y":323,"r":0,"w":1.8087921142578125,"h":1},{"t":"tile_d_scale_l","x":406.95,"y":323,"r":0,"w":1,"h":1},{"t":"tile_d_scale_r","x":559,"y":323,"r":0,"w":1,"h":1},{"t":"tile_werevka2","x":980.95,"y":323,"r":0,"w":1,"h":1},{"t":"tile_werevka2","x":980.95,"y":597.95,"r":0,"w":1,"h":1},{"t":"tile_werevka1","x":321,"y":666,"r":0,"w":1,"h":1},{"t":"tile_werevka1","x":605,"y":599,"r":0,"w":1,"h":1},{"t":"tile_werevka1","x":820,"y":323.05,"r":0,"w":1,"h":1},{"t":"tile_werevka1","x":545,"y":322.05,"r":0,"w":1,"h":1},{"t":"tile_dirka1","x":201,"y":670.95,"r":129.60312628477547,"w":0.7033233642578125,"h":0.7048797607421875},{"t":"tile_dirka1","x":227,"y":669.95,"r":129.60383154730042,"w":0.5182342529296875,"h":0.4842987060546875},{"t":"tile_dirka2","x":971.95,"y":393.95,"r":0,"w":0.8090667724609375,"h":0.7064971923828125},{"t":"tile_gvozd","x":883.95,"y":302,"r":0,"w":1,"h":1},{"t":"tile_gvozd","x":531.95,"y":595.95,"r":0,"w":1,"h":1},{"t":"tile_gvozd","x":770.95,"y":615.95,"r":0,"w":1,"h":1}]}]},{"v":[{"k":"time","v":140}],"l":[{"n":"Layer 1","i":[{"t":"ground","x":1054.95,"y":328,"r":0,"w":3.039337158203125,"h":1},{"t":"finish","x":1054.95,"y":233,"r":0,"w":1,"h":1},{"t":"hero","x":95,"y":342,"r":0,"w":1,"h":1},{"t":"ground","x":99,"y":460.95,"r":89.99750686296409,"w":1.7533416748046875,"h":1},{"t":"ground","x":180,"y":489.95,"r":0,"w":1.0373687744140625,"h":1},{"t":"woodenBlock","x":180,"y":363.95,"r":89.99255141214782,"w":0.7042388916015625,"h":1},{"t":"hoist","x":180,"y":408.95,"r":89.99475441473209,"w":1,"h":1},{"t":"ground","x":549.95,"y":390.95,"r":89.99836022290312,"w":2.665802001953125,"h":1},{"t":"hook","x":550.95,"y":354,"r":89.99475441473209,"w":1,"h":1},{"t":"MovingPlatform","x":655.95,"y":674.95,"r":0,"w":1.4816436767578125,"h":1,"tP":{"n":"p2","x":657.05,"y":460.05},"s":"100"},{"t":"ground","x":416.95,"y":666.95,"r":0,"w":4.363433837890625,"h":1},{"t":"spring","x":180,"y":318,"r":180,"w":1,"h":1},{"t":"ground","x":764.95,"y":618.95,"r":-89.99727001384296,"w":2.2417144775390625,"h":0.999969482421875},{"t":"MovingPlatform","x":766.95,"y":256,"r":180,"w":1.35009765625,"h":1,"tP":{"n":"p1","x":766.05,"y":471.05},"s":"100"},{"t":"ground","x":861.95,"y":326,"r":89.99838170372836,"w":2.7011871337890625,"h":1},{"t":"hook","x":862.95,"y":390.95,"r":89.99475441473209,"w":1,"h":1},{"t":"ground","x":610.95,"y":259,"r":0,"w":2.5501708984375,"h":1},{"t":"ground","x":671.95,"y":173,"r":89.99536279336974,"w":1.131195068359375,"h":1},{"t":"spring","x":670.95,"y":176,"r":-89.99825147157303,"w":1,"h":1}]},{"n":"Layer 7","i":[{"t":"tile_d_scale","x":159,"y":489.95,"r":0,"w":1,"h":1},{"t":"tile_d_scale_r","x":211.05,"y":489.95,"r":0,"w":1,"h":1},{"t":"tile_d_scale","x":549.95,"y":431.95,"r":89.99825147157303,"w":1,"h":1},{"t":"tile_d_scale_r","x":549.95,"y":484,"r":89.99825147157303,"w":1,"h":1},{"t":"tile_d_scale","x":549.95,"y":343,"r":89.99937135700873,"w":1.390716552734375,"h":1},{"t":"tile_d_scale","x":671.95,"y":191,"r":-89.99825147157303,"w":1,"h":1},{"t":"tile_d_scale_r","x":671.95,"y":138.95,"r":-89.99825147157303,"w":1,"h":1},{"t":"tile_d_scale","x":649.95,"y":259,"r":0,"w":1,"h":1},{"t":"tile_d_scale_r","x":702,"y":259,"r":0,"w":1,"h":1},{"t":"tile_d_scale","x":566.95,"y":259,"r":0,"w":1.231048583984375,"h":1},{"t":"tile_d_scale_l","x":510.95,"y":259,"r":0,"w":1,"h":1},{"t":"tile_d_scale","x":97,"y":466.95,"r":89.99940813202302,"w":1.4771270751953125,"h":1},{"t":"tile_d_scale_r","x":97,"y":530,"r":89.99825147157303,"w":1,"h":1},{"t":"tile_d_scale_l","x":97,"y":400.95,"r":89.99825147157303,"w":1,"h":1},{"t":"tile_d_scale","x":764.95,"y":644.95,"r":89.99825147157303,"w":1,"h":1},{"t":"tile_d_scale_r","x":764.95,"y":697,"r":89.99825147157303,"w":1,"h":1},{"t":"tile_d_scale","x":764.95,"y":578.95,"r":89.99776192732627,"w":0.7812652587890625,"h":1},{"t":"tile_d_scale_l","x":764.95,"y":540.95,"r":89.99825147157303,"w":1,"h":1},{"t":"tile_d_scale","x":526.95,"y":665.95,"r":0,"w":1,"h":1},{"t":"tile_d_scale_r","x":579,"y":665.95,"r":0,"w":1,"h":1},{"t":"tile_d_scale","x":443.95,"y":665.95,"r":0,"w":1.23101806640625,"h":1},{"t":"tile_d_scale_l","x":256,"y":665.95,"r":0,"w":1,"h":1},{"t":"tile_d_scale","x":333.95,"y":665.95,"r":0,"w":1.68756103515625,"h":1},{"t":"tile_werevka3","x":1110.95,"y":384,"r":0,"w":1,"h":1},{"t":"tile_werevka3","x":1075,"y":380.95,"r":-115.80925849948001,"w":0.997406005859375,"h":0.997406005859375},{"t":"tile_d_scale","x":1112.95,"y":328,"r":0,"w":1,"h":1},{"t":"tile_d_scale_r","x":1164.95,"y":328,"r":0,"w":1,"h":1},{"t":"tile_d_scale","x":1042.45,"y":328,"r":0,"w":1.14569091796875,"h":1},{"t":"tile_d_scale","x":946.45,"y":328,"r":0,"w":1.4105987548828125,"h":1},{"t":"tile_d_scale","x":861.95,"y":368.95,"r":89.99825147157303,"w":1,"h":1},{"t":"tile_d_scale_r","x":861.95,"y":421,"r":89.99825147157303,"w":1,"h":1},{"t":"tile_d_scale","x":861.95,"y":286,"r":89.99927482876207,"w":1.205596923828125,"h":1},{"t":"tile_d_scale_l","x":861.95,"y":230,"r":89.99825147157303,"w":1,"h":1},{"t":"tile_werevka1","x":1114,"y":328.05,"r":0,"w":1,"h":1},{"t":"tile_werevka2","x":862.95,"y":330,"r":0,"w":1,"h":1},{"t":"tile_werevka2","x":550.95,"y":260,"r":0,"w":1,"h":1},{"t":"tile_werevka2","x":98,"y":492.95,"r":0,"w":1,"h":1},{"t":"tile_werevka1","x":538,"y":667,"r":0,"w":1,"h":1},{"t":"tile_werevka1","x":321,"y":667,"r":0,"w":1,"h":1},{"t":"tile_werevka1","x":763.9,"y":595,"r":89.99825147157303,"w":1,"h":1},{"t":"tile_dirka2","x":958.95,"y":346,"r":0,"w":0.5681304931640625,"h":0.5681304931640625},{"t":"tile_dirka1","x":463.95,"y":666.95,"r":59.686158281835034,"w":0.59637451171875,"h":0.59637451171875},{"t":"tile_dirka1","x":426.95,"y":661.95,"r":59.686158281835034,"w":0.59637451171875,"h":0.78875732421875},{"t":"tile_gvozd","x":551.95,"y":448.95,"r":0,"w":1,"h":1},{"t":"tile_gvozd","x":1029.95,"y":313,"r":0,"w":1,"h":1},{"t":"tile_gvozd","x":283,"y":657.95,"r":0,"w":1,"h":1},{"t":"tile_gvozd","x":199,"y":507.95,"r":0,"w":1,"h":1}]}]},{"v":[{"k":"time","v":130}],"l":[{"n":"Layer 1","i":[{"t":"ground","x":242,"y":556.95,"r":0,"w":3.0564117431640625,"h":1},{"t":"finish","x":241,"y":461.95,"r":0,"w":1,"h":1},{"t":"hero","x":1011.95,"y":308,"r":0,"w":1,"h":1},{"t":"ground","x":1012.95,"y":400.95,"r":0,"w":1.298095703125,"h":1},{"t":"ground","x":878.95,"y":480.95,"r":0,"w":2.0962677001953125,"h":1},{"t":"woodenBlock","x":878.95,"y":401.95,"r":0,"w":0.6760711669921875,"h":1},{"t":"ground","x":1102.9,"y":354,"r":-89.9975173525369,"w":2.1128997802734375,"h":1},{"t":"spring","x":1104.9,"y":319,"r":89.99475441473209,"w":1,"h":1},{"t":"MovingPlatform","x":754.95,"y":347,"r":-89.99666946321229,"w":1.5749969482421875,"h":1,"tP":{"n":"p1","x":755.05,"y":625.05},"s":"100"},{"t":"hoist","x":911.95,"y":399.95,"r":180,"w":1,"h":1},{"t":"ground","x":402.95,"y":348,"r":89.99920107675027,"w":4.3772125244140625,"h":1},{"t":"hook","x":403.95,"y":398.95,"r":-89.99825147157303,"w":1,"h":1},{"t":"MovingPlatform","x":521.95,"y":258,"r":0,"w":1.8518218994140625,"h":1,"tP":{"n":"p2","x":522.05,"y":536.05},"s":"100"},{"t":"hoist","x":554.95,"y":258,"r":180,"w":1,"h":1}]},{"n":"Layer 9","i":[{"t":"tile_werevka3","x":904.95,"y":538,"r":-6.253782459536906,"w":0.998870849609375,"h":0.998870849609375},{"t":"tile_werevka3","x":861.95,"y":514.95,"r":22.037950127306722,"w":0.9965667724609375,"h":0.9965667724609375},{"t":"tile_werevka3","x":293.95,"y":614,"r":0,"w":1,"h":1},{"t":"tile_werevka3","x":255,"y":592,"r":0,"w":1,"h":1},{"t":"tile_werevka3","x":175,"y":599,"r":0,"w":1,"h":1},{"t":"tile_d_scale","x":881.95,"y":480.95,"r":0,"w":1.6092681884765625,"h":1},{"t":"tile_d_scale_l","x":806.95,"y":480.95,"r":0,"w":1,"h":1},{"t":"tile_d_scale_r","x":952,"y":480.95,"r":0,"w":1,"h":1},{"t":"tile_d_scale","x":1102.9,"y":334,"r":-89.99912573578631,"w":1,"h":1},{"t":"tile_d_scale_r","x":1102.9,"y":281.95,"r":-89.99912573578631,"w":1,"h":1},{"t":"tile_d_scale","x":183,"y":556.95,"r":0,"w":1,"h":1},{"t":"tile_d_scale_l","x":131,"y":556.95,"r":0,"w":1,"h":1},{"t":"tile_d_scale_r","x":352,"y":556.95,"r":0,"w":1,"h":1},{"t":"tile_d_scale","x":283,"y":556.95,"r":0,"w":1.635101318359375,"h":1},{"t":"tile_d_scale","x":403.95,"y":238,"r":89.99912573578631,"w":1,"h":1},{"t":"tile_d_scale_l","x":403.95,"y":186,"r":89.99912573578631,"w":1,"h":1},{"t":"tile_d_scale_r","x":403.95,"y":510,"r":89.99912573578631,"w":1,"h":1},{"t":"tile_d_scale","x":403.95,"y":440.95,"r":89.99625720472552,"w":1.635101318359375,"h":1},{"t":"tile_d_scale","x":403.95,"y":334,"r":89.99657113399628,"w":1.5298309326171875,"h":1},{"t":"tile_d_scale","x":1064.95,"y":400.95,"r":0,"w":2.074920654296875,"h":1},{"t":"tile_d_scale_l","x":971.95,"y":400.95,"r":0,"w":1,"h":1},{"t":"tile_d_scale_r","x":1146.95,"y":400.95,"r":0,"w":1,"h":1},{"t":"tile_werevka2","x":1104.9,"y":400.95,"r":0,"w":1,"h":1},{"t":"tile_werevka1","x":402.9,"y":258.05,"r":89.99912573578631,"w":1,"h":1},{"t":"tile_werevka1","x":404.9,"y":487,"r":89.99912573578631,"w":1,"h":1},{"t":"tile_werevka1","x":313,"y":558,"r":0,"w":1,"h":1},{"t":"tile_werevka1","x":834,"y":482,"r":0,"w":1,"h":1},{"t":"tile_dirka1","x":153,"y":554.95,"r":9.010246950601752,"w":0.767181396484375,"h":0.538177490234375},{"t":"tile_gvozd","x":416.95,"y":317,"r":0,"w":1,"h":1},{"t":"tile_gvozd","x":280,"y":568.95,"r":0,"w":1,"h":1},{"t":"tile_gvozd","x":940.95,"y":506.95,"r":0,"w":1,"h":1}]}]},{"v":[{"k":"time","v":65}],"l":[{"n":"Layer 1","i":[{"t":"ground","x":1034.95,"y":543.95,"r":0,"w":3.0564117431640625,"h":1},{"t":"finish","x":1033.95,"y":448.95,"r":0,"w":1,"h":1},{"t":"hero","x":789.95,"y":389.95,"r":0,"w":1,"h":1},{"t":"ground","x":115,"y":394.95,"r":89.99827154231728,"w":3.0348358154296875,"h":1},{"t":"ground","x":252,"y":315,"r":0,"w":2.6100921630859375,"h":1},{"t":"woodenBlock","x":283.95,"y":235,"r":0,"w":0.584136962890625,"h":1},{"t":"woodenBlock","x":632.95,"y":399.95,"r":0,"w":0.8406524658203125,"h":1},{"t":"hook","x":570.95,"y":398.95,"r":89.99912573578631,"w":1,"h":1},{"t":"ground","x":712.95,"y":474.95,"r":0,"w":5.156005859375,"h":1},{"t":"spring","x":316.95,"y":236,"r":-89.99912573578631,"w":1,"h":1},{"t":"ground","x":248,"y":474.95,"r":0,"w":2.7275238037109375,"h":1},{"t":"woodenBlock","x":430.95,"y":474.95,"r":0,"w":0.6124267578125,"h":1},{"t":"ground","x":431.95,"y":554.95,"r":0,"w":2.7275238037109375,"h":1},{"t":"hoist","x":435.95,"y":553.95,"r":180,"w":1,"h":1},{"t":"hoist","x":467.95,"y":474.95,"r":-89.99912573578631,"w":1,"h":1},{"t":"ground","x":173,"y":236,"r":89.99503681980482,"w":1.0569000244140625,"h":1},{"t":"spring","x":174,"y":236,"r":-89.99912573578631,"w":1,"h":1},{"t":"ground","x":695.95,"y":286,"r":89.99718846616341,"w":1.8657379150390625,"h":1}]},{"n":"Layer 11","i":[{"t":"tile_d_scale","x":695.95,"y":283,"r":-89.99621013706935,"w":1.3841094970703125,"h":1},{"t":"tile_d_scale_l","x":695.95,"y":349,"r":-89.99912573578631,"w":1,"h":1},{"t":"tile_d_scale_r","x":695.95,"y":222.95,"r":-89.99912573578631,"w":1,"h":1},{"t":"tile_werevka3","x":1072.95,"y":595,"r":0,"w":1,"h":1},{"t":"tile_werevka3","x":840.95,"y":519,"r":0,"w":1,"h":1},{"t":"tile_werevka3","x":806.95,"y":506,"r":0,"w":1,"h":1},{"t":"tile_d_scale","x":976.95,"y":543.95,"r":0,"w":1,"h":1},{"t":"tile_d_scale_l","x":924.95,"y":543.95,"r":0,"w":1,"h":1},{"t":"tile_d_scale_r","x":1144.95,"y":543.95,"r":0,"w":1,"h":1},{"t":"tile_d_scale","x":1076.95,"y":543.95,"r":0,"w":1.654998779296875,"h":1},{"t":"tile_d_scale","x":848.45,"y":474.95,"r":0,"w":1.11920166015625,"h":1},{"t":"tile_d_scale_l","x":519.95,"y":474.95,"r":0,"w":1,"h":1},{"t":"tile_d_scale_r","x":905,"y":474.95,"r":0,"w":1,"h":1},{"t":"tile_d_scale","x":776.95,"y":474.95,"r":0,"w":1,"h":1},{"t":"tile_d_scale","x":701.95,"y":474.95,"r":0,"w":1,"h":1},{"t":"tile_d_scale","x":596.95,"y":474.95,"r":0,"w":1.777862548828125,"h":1},{"t":"tile_werevka3","x":251,"y":533,"r":0,"w":1,"h":1},{"t":"tile_werevka3","x":477.95,"y":606,"r":0,"w":1,"h":1},{"t":"tile_werevka3","x":399.95,"y":581,"r":0,"w":1,"h":1},{"t":"tile_d_scale","x":370.95,"y":553.95,"r":0,"w":0.7902679443359375,"h":1},{"t":"tile_d_scale_l","x":334.95,"y":553.95,"r":0,"w":1,"h":1},{"t":"tile_d_scale_r","x":531,"y":553.95,"r":0,"w":1,"h":1},{"t":"tile_d_scale","x":462.95,"y":553.95,"r":0,"w":1.654998779296875,"h":1},{"t":"tile_d_scale","x":173,"y":256,"r":89.99912573578631,"w":1,"h":1},{"t":"tile_d_scale_l","x":173,"y":204,"r":89.99912573578631,"w":1,"h":1},{"t":"tile_d_scale","x":115,"y":395.95,"r":89.9958938058971,"w":1.2774810791015625,"h":1},{"t":"tile_d_scale","x":291.95,"y":473.95,"r":0,"w":1,"h":1},{"t":"tile_d_scale_l","x":68,"y":473.95,"r":0,"w":1,"h":1},{"t":"tile_d_scale_r","x":344,"y":473.95,"r":0,"w":1,"h":1},{"t":"tile_d_scale","x":220,"y":473.95,"r":0,"w":1.10595703125,"h":1},{"t":"tile_d_scale","x":127,"y":473.95,"r":0,"w":1.3734893798828125,"h":1},{"t":"tile_d_scale","x":289.95,"y":315,"r":0,"w":1.198516845703125,"h":1},{"t":"tile_d_scale_l","x":68,"y":315,"r":0,"w":1,"h":1},{"t":"tile_d_scale_r","x":344,"y":315,"r":0,"w":1,"h":1},{"t":"tile_d_scale","x":216,"y":315,"r":0,"w":1,"h":1},{"t":"tile_d_scale","x":127,"y":315,"r":0,"w":1.3734893798828125,"h":1},{"t":"tile_werevka2","x":116,"y":315,"r":0,"w":1,"h":1},{"t":"tile_werevka2","x":116,"y":475.95,"r":0,"w":1,"h":1},{"t":"tile_werevka1","x":1118.95,"y":546,"r":0,"w":1,"h":1},{"t":"tile_werevka1","x":702,"y":476,"r":0,"w":1,"h":1},{"t":"tile_werevka1","x":485,"y":557,"r":0,"w":1,"h":1},{"t":"tile_werevka1","x":696,"y":264.95,"r":-89.99912573578631,"w":1,"h":1},{"t":"tile_werevka1","x":300,"y":317.05,"r":0,"w":1,"h":1},{"t":"tile_dirka2","x":186,"y":466.95,"r":24.043871933158886,"w":0.664276123046875,"h":0.664276123046875},{"t":"tile_dirka1","x":982.95,"y":541.95,"r":73.47983812567963,"w":0.7780914306640625,"h":0.7780914306640625},{"t":"tile_dirka1","x":962.95,"y":526.95,"r":73.47983611664695,"w":0.546173095703125,"h":0.546173095703125},{"t":"tile_dirka1","x":965.95,"y":568.95,"r":73.47983611664695,"w":0.546173095703125,"h":0.546173095703125},{"t":"tile_dirka2","x":703.95,"y":332,"r":-34.332048047794366,"w":0.66363525390625,"h":0.66363525390625},{"t":"tile_gvozd","x":557.95,"y":475.95,"r":0,"w":1,"h":1},{"t":"tile_gvozd","x":888.95,"y":473.95,"r":0,"w":1,"h":1},{"t":"tile_gvozd","x":327.95,"y":321,"r":0,"w":1,"h":1},{"t":"tile_gvozd","x":361.95,"y":554.95,"r":0,"w":1,"h":1}]}]},{"v":[{"k":"time","v":90}],"l":[{"n":"Layer 1","i":[{"t":"ground","x":345.95,"y":654.95,"r":0,"w":3.0564117431640625,"h":1},{"t":"finish","x":344.95,"y":559.95,"r":0,"w":1,"h":1},{"t":"hero","x":444.95,"y":153,"r":0,"w":1,"h":1},{"t":"ground","x":358.95,"y":158,"r":89.99673985300085,"w":1.3408355712890625,"h":1},{"t":"ground","x":899.95,"y":644.95,"r":0,"w":1.0833282470703125,"h":1},{"t":"ground","x":896.95,"y":391.95,"r":-89.99826852394298,"w":3.5344696044921875,"h":1},{"t":"woodenBlock","x":978.95,"y":563.95,"r":0,"w":1,"h":1},{"t":"ground","x":1141.9,"y":602.95,"r":-89.99915460531312,"w":2.06829833984375,"h":1},{"t":"hoist","x":1056.95,"y":563.95,"r":-89.99475441473209,"w":1,"h":1},{"t":"ground","x":545.95,"y":480.95,"r":0,"w":1.99560546875,"h":1},{"t":"woodenBlock","x":583.95,"y":344,"r":89.99340771121497,"w":0.79571533203125,"h":1},{"t":"hook","x":897.95,"y":346,"r":89.99475441473209,"w":1,"h":1},{"t":"hoist","x":359.95,"y":149,"r":-89.99475441473209,"w":1,"h":1},{"t":"cannon","x":581.95,"y":293,"r":89.99475441473209,"w":1,"h":1},{"t":"hoist","x":583.95,"y":480.95,"r":180,"w":1,"h":1},{"t":"ground","x":405.95,"y":240,"r":0,"w":2.184967041015625,"h":1},{"t":"evilBull","x":494.95,"y":391.95,"r":0,"w":1,"h":1}]},{"n":"Layer 13","i":[{"t":"tile_d_scale","x":358.95,"y":167,"r":89.99825147157303,"w":1,"h":1},{"t":"tile_d_scale_l","x":358.95,"y":115,"r":89.99825147157303,"w":1,"h":1},{"t":"tile_d_scale","x":365.95,"y":240,"r":0,"w":1,"h":1},{"t":"tile_d_scale_l","x":313.95,"y":240,"r":0,"w":1,"h":1},{"t":"tile_d_scale_r","x":482,"y":240,"r":0,"w":1,"h":1},{"t":"tile_d_scale","x":435.95,"y":240,"r":0,"w":1,"h":1},{"t":"tile_d_scale","x":288.95,"y":654.95,"r":0,"w":1,"h":1},{"t":"tile_d_scale_l","x":237,"y":654.95,"r":0,"w":1,"h":1},{"t":"tile_d_scale_r","x":456,"y":654.95,"r":0,"w":1,"h":1},{"t":"tile_d_scale","x":386.95,"y":654.95,"r":0,"w":1.60662841796875,"h":1},{"t":"tile_d_scale","x":896.95,"y":315,"r":-89.99825147157303,"w":1,"h":1},{"t":"tile_d_scale_l","x":896.95,"y":515.95,"r":-89.99825147157303,"w":1,"h":1},{"t":"tile_d_scale_r","x":896.95,"y":263.95,"r":-89.99825147157303,"w":1,"h":1},{"t":"tile_d_scale","x":895.95,"y":384.6,"r":-89.99850408523166,"w":1.1688690185546875,"h":1},{"t":"tile_d_scale","x":895.95,"y":463.95,"r":-89.99921885014575,"w":1.11920166015625,"h":1},{"t":"tile_d_scale","x":898.95,"y":646.95,"r":-89.99802965096839,"w":0.4437103271484375,"h":1},{"t":"tile_d_scale_l","x":898.95,"y":671.95,"r":-89.99825147157303,"w":1,"h":1},{"t":"tile_d_scale_r","x":898.95,"y":615.9,"r":-89.99825147157303,"w":1,"h":1},{"t":"tile_d_scale","x":1140.9,"y":604.7,"r":-89.99944068392399,"w":1.5630950927734375,"h":1},{"t":"tile_d_scale_l","x":1140.9,"y":672.95,"r":-89.99825147157303,"w":1,"h":1},{"t":"tile_d_scale_r","x":1140.9,"y":531.9,"r":-89.99825147157303,"w":1,"h":1},{"t":"tile_d_scale","x":543.95,"y":479.95,"r":0,"w":1.5032806396484375,"h":1},{"t":"tile_d_scale_l","x":477.95,"y":479.95,"r":0,"w":1,"h":1},{"t":"tile_d_scale_r","x":615,"y":479.95,"r":0,"w":1,"h":1},{"t":"tile_werevka2","x":359.95,"y":241,"r":0,"w":1,"h":1},{"t":"tile_werevka1","x":418,"y":654,"r":0,"w":1,"h":1},{"t":"tile_werevka1","x":302,"y":655,"r":0,"w":1,"h":1},{"t":"tile_werevka1","x":1143.95,"y":642.9,"r":-89.99825147157303,"w":1,"h":1},{"t":"tile_werevka1","x":897,"y":476.9,"r":-89.99825147157303,"w":1,"h":1},{"t":"tile_dirka2","x":1142.9,"y":551.95,"r":30.07296390302175,"w":0.81805419921875,"h":0.81805419921875},{"t":"tile_dirka2","x":347.95,"y":646.95,"r":-13.276981393994902,"w":0.78533935546875,"h":0.622589111328125},{"t":"tile_dirka1","x":461.95,"y":242,"r":0,"w":0.6986846923828125,"h":0.524169921875},{"t":"tile_gvozd","x":911.95,"y":442.95,"r":0,"w":1,"h":1},{"t":"tile_gvozd","x":411.95,"y":258,"r":0,"w":1,"h":1},{"t":"tile_gvozd","x":258,"y":652.95,"r":0,"w":1,"h":1},{"t":"tile_gvozd","x":892.95,"y":657.95,"r":0,"w":1,"h":1}]}]},{"v":[{"k":"time","v":80}],"l":[{"n":"Layer 1","i":[{"t":"ground","x":188,"y":450.95,"r":0,"w":3.0564117431640625,"h":1},{"t":"finish","x":187,"y":355.95,"r":0,"w":1,"h":1},{"t":"ground","x":606.95,"y":534.95,"r":0,"w":4.36358642578125,"h":1},{"t":"hero","x":362.95,"y":176,"r":0,"w":1,"h":1},{"t":"ground","x":477.95,"y":360.95,"r":89.9982333176674,"w":3.4640350341796875,"h":1},{"t":"woodenBlock","x":835.95,"y":530.95,"r":0,"w":0.455780029296875,"h":1},{"t":"spring","x":826.95,"y":532.95,"r":89.99825141821054,"w":0.999969482421875,"h":0.999969482421875},{"t":"ground","x":834.95,"y":605.95,"r":0,"w":2.030242919921875,"h":1},{"t":"ground","x":1003.95,"y":529.95,"r":0,"w":2.86749267578125,"h":1},{"t":"hoist","x":831.95,"y":608.95,"r":180,"w":1,"h":1},{"t":"woodenBlock","x":980.95,"y":450.95,"r":0,"w":0.455780029296875,"h":1},{"t":"ground","x":1076.95,"y":434.95,"r":-89.99637379959897,"w":1.4465789794921875,"h":1},{"t":"spring","x":1072.95,"y":455.95,"r":89.99825141821054,"w":0.999969482421875,"h":0.999969482421875},{"t":"ground","x":868.1,"y":370.95,"r":0,"w":6.3867034912109375,"h":1},{"t":"woodenBlock","x":790.95,"y":244,"r":-89.99269186489767,"w":0.7177734375,"h":1},{"t":"hoist","x":790.95,"y":295,"r":0,"w":1,"h":1},{"t":"ground","x":372.5,"y":264,"r":0,"w":1.6624603271484375,"h":1},{"t":"woodenBlock","x":465.95,"y":183,"r":0,"w":0.425811767578125,"h":1},{"t":"ground","x":871.95,"y":244,"r":-89.99921490583645,"w":2.2271575927734375,"h":1},{"t":"spring","x":870.95,"y":297,"r":89.99825141821054,"w":0.999969482421875,"h":0.999969482421875},{"t":"spring","x":479.15,"y":182.5,"r":-90.00174858178947,"w":0.999969482421875,"h":0.999969482421875}]},{"n":"Layer 15","i":[{"t":"tile_werevka3","x":1028.95,"y":582,"r":0,"w":1,"h":1},{"t":"tile_werevka3","x":808.95,"y":665,"r":0,"w":1,"h":1},{"t":"tile_werevka3","x":690.95,"y":575,"r":0,"w":1,"h":1},{"t":"tile_werevka3","x":647.95,"y":565,"r":0,"w":1,"h":1},{"t":"tile_werevka3","x":491.95,"y":587,"r":0,"w":1,"h":1},{"t":"tile_werevka3","x":120,"y":485,"r":0,"w":1,"h":1},{"t":"tile_werevka3","x":159,"y":507,"r":0,"w":1,"h":1},{"t":"tile_d_scale_l","x":321.95,"y":266,"r":0,"w":1,"h":1},{"t":"tile_d_scale","x":388.95,"y":266,"r":0,"w":1.3840789794921875,"h":1},{"t":"tile_d_scale_l","x":477.95,"y":235,"r":89.99912573578631,"w":1,"h":1},{"t":"tile_d_scale","x":477.95,"y":287,"r":89.99912573578631,"w":1,"h":1},{"t":"tile_d_scale","x":477.95,"y":366.95,"r":89.99538135914213,"w":1.1357421875,"h":1},{"t":"tile_d_scale","x":477.95,"y":437.95,"r":89.99912573578631,"w":1,"h":1},{"t":"tile_d_scale","x":477.95,"y":512.95,"r":89.99912573578631,"w":1,"h":1},{"t":"tile_d_scale","x":1076.95,"y":450.95,"r":-89.99624605876382,"w":1.3973541259765625,"h":1},{"t":"tile_d_scale_r","x":1117.95,"y":370.95,"r":0,"w":1,"h":1},{"t":"tile_d_scale_l","x":627.95,"y":370.95,"r":0,"w":1,"h":1},{"t":"tile_d_scale","x":682.95,"y":370.95,"r":0,"w":1.0827789306640625,"h":1},{"t":"tile_d_scale","x":1067.95,"y":370.95,"r":0,"w":1.1668701171875,"h":1},{"t":"tile_d_scale_r","x":1118.95,"y":532.95,"r":0,"w":1,"h":1},{"t":"tile_d_scale_l","x":900.95,"y":532.95,"r":0,"w":1,"h":1},{"t":"tile_d_scale","x":969.95,"y":532.95,"r":0,"w":1.4529876708984375,"h":1},{"t":"tile_d_scale","x":1068.95,"y":532.95,"r":0,"w":1.1668701171875,"h":1},{"t":"tile_d_scale_r","x":770,"y":532.95,"r":0,"w":1,"h":1},{"t":"tile_d_scale_l","x":441.95,"y":532.95,"r":0,"w":1,"h":1},{"t":"tile_d_scale","x":620.95,"y":532.95,"r":0,"w":1.4529876708984375,"h":1},{"t":"tile_d_scale","x":719.95,"y":532.95,"r":0,"w":1.1668701171875,"h":1},{"t":"tile_d_scale","x":508.95,"y":532.95,"r":0,"w":1.5193939208984375,"h":1},{"t":"tile_d_scale_r","x":906,"y":609.95,"r":0,"w":1,"h":1},{"t":"tile_d_scale_l","x":766.95,"y":609.95,"r":0,"w":1,"h":1},{"t":"tile_d_scale","x":793.95,"y":609.95,"r":0,"w":0.4966888427734375,"h":1},{"t":"tile_d_scale","x":855.95,"y":609.95,"r":0,"w":1.1668701171875,"h":1},{"t":"tile_d_scale_r","x":298,"y":451.95,"r":0,"w":1,"h":1},{"t":"tile_d_scale_l","x":77,"y":451.95,"r":0,"w":1,"h":1},{"t":"tile_d_scale","x":151,"y":451.95,"r":0,"w":1.7160186767578125,"h":1},{"t":"tile_d_scale","x":248,"y":451.95,"r":0,"w":1.1668701171875,"h":1},{"t":"tile_werevka2","x":1080.95,"y":532.95,"r":0,"w":1,"h":1},{"t":"tile_werevka2","x":1078.95,"y":368.95,"r":0,"w":1,"h":1},{"t":"tile_werevka1","x":603,"y":535,"r":0,"w":1,"h":1},{"t":"tile_werevka1","x":646,"y":369,"r":0,"w":1,"h":1},{"t":"tile_werevka1","x":271,"y":451,"r":0,"w":1,"h":1},{"t":"tile_werevka1","x":477.9,"y":457,"r":89.99912573578631,"w":1,"h":1},{"t":"tile_werevka1","x":478.9,"y":330.05,"r":89.99912573578631,"w":1,"h":1},{"t":"tile_werevka1","x":350,"y":267.05,"r":0,"w":1,"h":1},{"t":"tile_dirka2","x":729.95,"y":525.95,"r":0,"w":0.7484283447265625,"h":0.7484283447265625},{"t":"tile_dirka1","x":506.95,"y":536.95,"r":110.53127625213519,"w":0.714691162109375,"h":0.714691162109375},{"t":"tile_dirka2","x":110,"y":450.95,"r":-52.65827154673933,"w":0.705596923828125,"h":0.5438995361328125},{"t":"tile_gvozd","x":476.95,"y":386.95,"r":78.23974544919197,"w":0.99871826171875,"h":0.99871826171875},{"t":"tile_gvozd","x":996.95,"y":536.95,"r":0,"w":1,"h":1},{"t":"tile_gvozd","x":682.95,"y":356.95,"r":0,"w":1,"h":1},{"t":"tile_gvozd","x":452.95,"y":541.95,"r":0,"w":1,"h":1},{"t":"tile_d_scale","x":761.95,"y":370.95,"r":0,"w":1.082763671875,"h":1},{"t":"tile_d_scale","x":990.95,"y":370.95,"r":0,"w":1.082763671875,"h":1},{"t":"tile_dirka1","x":992.95,"y":368.95,"r":78.9810306408876,"w":0.71539306640625,"h":0.71539306640625},{"t":"tile_d_scale_l","x":871.95,"y":166,"r":89.99825147157303,"w":1,"h":1},{"t":"tile_d_scale","x":871.95,"y":264,"r":89.99921341305708,"w":2.222930908203125,"h":1},{"t":"tile_werevka1","x":873.9,"y":184.05,"r":89.99825147157303,"w":1,"h":1},{"t":"tile_d_scale","x":840.95,"y":370.95,"r":0,"w":1.082763671875,"h":1},{"t":"tile_d_scale","x":920.95,"y":370.95,"r":0,"w":1.082763671875,"h":1},{"t":"tile_werevka1","x":926,"y":372,"r":0,"w":1,"h":1}]}]},{"v":[{"k":"time","v":65}],"l":[{"n":"Layer 1","i":[{"t":"ground","x":941.95,"y":584.95,"r":0,"w":3.0564117431640625,"h":1},{"t":"finish","x":940.95,"y":489.95,"r":0,"w":1,"h":1},{"t":"hero","x":222,"y":484.95,"r":0,"w":1,"h":1},{"t":"ground","x":255,"y":572.95,"r":0,"w":2.1737518310546875,"h":1},{"t":"ground","x":129,"y":526.95,"r":89.9971846604548,"w":2.1737518310546875,"h":1},{"t":"spring","x":123,"y":489.95,"r":-89.99825147157303,"w":1,"h":1},{"t":"MovingPlatform","x":394.95,"y":581.95,"r":0,"w":1.2505950927734375,"h":1,"tP":{"n":"p1","x":395.05,"y":309.1},"s":"100"},{"t":"MovingPlatform","x":494.95,"y":581.95,"r":0,"w":1.2505950927734375,"h":1,"tP":{"n":"p2","x":495.05,"y":461.05},"s":"100"},{"t":"ground","x":259,"y":232,"r":0,"w":2.1737518310546875,"h":1},{"t":"spring","x":301.95,"y":231,"r":-89.99825147157303,"w":1,"h":1},{"t":"MovingPlatform","x":648.95,"y":131,"r":89.99536085345632,"w":1.1307220458984375,"h":0.999969482421875,"tP":{"n":"p3","x":652.05,"y":296.1},"s":"100"},{"t":"ground","x":1100.95,"y":396.95,"r":-89.9990929212645,"w":5.7829437255859375,"h":1},{"t":"MovingPlatform","x":648.95,"y":416.95,"r":-89.99536085345632,"w":1.1307220458984375,"h":0.999969482421875,"tP":{"n":"p4","x":652.05,"y":582.05},"s":"100"},{"t":"MovingPlatform","x":750.95,"y":476.95,"r":-89.99536085345632,"w":1.1307220458984375,"h":0.999969482421875,"tP":{"n":"p6","x":748.05,"y":312.1},"s":"100"},{"t":"MovingPlatform","x":750.95,"y":191,"r":89.99536085345632,"w":1.1307220458984375,"h":0.999969482421875,"tP":{"n":"p5","x":748.05,"y":26.1},"s":"100"}]},{"n":"Layer 17","i":[{"t":"tile_d_scale_r","x":1099.95,"y":179.95,"r":-89.99825147157303,"w":1,"h":1},{"t":"tile_d_scale","x":1099.95,"y":310,"r":-89.99825147157303,"w":1,"h":1},{"t":"tile_d_scale","x":1099.95,"y":380.95,"r":-89.99825147157303,"w":1,"h":1},{"t":"tile_d_scale","x":1099.95,"y":451.95,"r":-89.99825147157303,"w":1,"h":1},{"t":"tile_d_scale","x":1099.95,"y":230,"r":-89.99922798615515,"w":1.1324462890625,"h":1},{"t":"tile_d_scale","x":1099.95,"y":527.95,"r":-89.99825147157303,"w":1,"h":1},{"t":"tile_werevka3","x":890.95,"y":613,"r":0,"w":1,"h":1},{"t":"tile_werevka3","x":1063.95,"y":629,"r":0,"w":1,"h":1},{"t":"tile_d_scale_r","x":1153.95,"y":584.95,"r":0,"w":1,"h":1},{"t":"tile_d_scale_l","x":831.95,"y":584.95,"r":0,"w":1,"h":1},{"t":"tile_d_scale","x":1023.95,"y":584.95,"r":0,"w":1,"h":1},{"t":"tile_d_scale","x":952.95,"y":584.95,"r":0,"w":1,"h":1},{"t":"tile_d_scale","x":880.95,"y":584.95,"r":0,"w":1,"h":1},{"t":"tile_d_scale","x":1103.9,"y":584.95,"r":0,"w":1.1324462890625,"h":1},{"t":"tile_d_scale_l","x":129,"y":451.95,"r":89.99825147157303,"w":1,"h":1},{"t":"tile_d_scale","x":129,"y":503.95,"r":89.99825147157303,"w":1,"h":1},{"t":"tile_werevka3","x":277,"y":629,"r":0,"w":1,"h":1},{"t":"tile_werevka3","x":233,"y":607,"r":0,"w":1,"h":1},{"t":"tile_werevka3","x":143,"y":629,"r":0,"w":1,"h":1},{"t":"tile_d_scale_r","x":330,"y":572.95,"r":0,"w":1,"h":1},{"t":"tile_d_scale_l","x":86,"y":572.95,"r":0,"w":1,"h":1},{"t":"tile_d_scale","x":278,"y":572.95,"r":0,"w":1,"h":1},{"t":"tile_d_scale","x":207,"y":572.95,"r":0,"w":1,"h":1},{"t":"tile_d_scale","x":136,"y":572.95,"r":0,"w":1,"h":1},{"t":"tile_d_scale_r","x":335,"y":232,"r":0,"w":1,"h":1},{"t":"tile_d_scale_l","x":183,"y":232,"r":0,"w":1,"h":1},{"t":"tile_d_scale","x":254,"y":232,"r":0,"w":1.7583160400390625,"h":1},{"t":"tile_werevka2","x":1102.9,"y":583.95,"r":0,"w":1,"h":1},{"t":"tile_werevka1","x":856,"y":584,"r":0,"w":1,"h":1},{"t":"tile_werevka1","x":296,"y":574,"r":0,"w":1,"h":1},{"t":"tile_werevka1","x":198.05,"y":231.05,"r":0,"w":1,"h":1},{"t":"tile_werevka1","x":1099,"y":431.9,"r":-89.99825147157303,"w":1,"h":1},{"t":"tile_werevka1","x":1099,"y":241.95,"r":-89.99825147157303,"w":1,"h":1},{"t":"tile_dirka1","x":193,"y":579.95,"r":111.29374256323327,"w":0.9977569580078125,"h":0.9977569580078125},{"t":"tile_dirka2","x":1016.95,"y":578.95,"r":0,"w":1,"h":1},{"t":"tile_gvozd","x":1103.9,"y":201,"r":0,"w":1,"h":1},{"t":"tile_gvozd","x":1103.9,"y":306,"r":0,"w":1,"h":1},{"t":"tile_gvozd","x":1103.9,"y":469.95,"r":0,"w":1,"h":1}]}]}]
